dataset,dataset_label,model,model_label,seed,attack,epsilon_255,conditional_robust_accuracy,source_count,sources
chest_xray_pneumonia,Chest X-ray,resnet18,ResNet-18,seed42,FGSM,0.1,0.6963249516441006,2,results/chest_xray_pneumonia/resnet18/robustness/seed42/robustness_attacks_fine_max1024.json;results/chest_xray_pneumonia/resnet18/robustness/seed42/robustness_attacks_fine_max1024.json
chest_xray_pneumonia,Chest X-ray,resnet18,ResNet-18,seed42,FGSM,0.25,0.586073500967118,1,results/chest_xray_pneumonia/resnet18/robustness/seed42/robustness_attacks_fine_max1024.json
chest_xray_pneumonia,Chest X-ray,resnet18,ResNet-18,seed42,FGSM,0.5,0.5435203094777563,1,results/chest_xray_pneumonia/resnet18/robustness/seed42/robustness_attacks_fine_max1024.json
chest_xray_pneumonia,Chest X-ray,resnet18,ResNet-18,seed42,FGSM,1.0,0.574468085106383,2,results/chest_xray_pneumonia/resnet18/robustness/seed42/robustness_attacks_fine_max1024.json;results/chest_xray_pneumonia/resnet18/robustness/seed42/robustness_attacks_main_max1024.json
chest_xray_pneumonia,Chest X-ray,resnet18,ResNet-18,seed42,PGD,0.1,0.3617021276595745,2,results/chest_xray_pneumonia/resnet18/robustness/seed42/robustness_attacks_fine_max1024.json;results/chest_xray_pneumonia/resnet18/robustness/seed42/robustness_attacks_fine_max1024.json
chest_xray_pneumonia,Chest X-ray,resnet18,ResNet-18,seed42,PGD,0.25,0.005802707930367505,1,results/chest_xray_pneumonia/resnet18/robustness/seed42/robustness_attacks_fine_max1024.json
chest_xray_pneumonia,Chest X-ray,resnet18,ResNet-18,seed42,PGD,0.5,0.0,1,results/chest_xray_pneumonia/resnet18/robustness/seed42/robustness_attacks_fine_max1024.json
chest_xray_pneumonia,Chest X-ray,resnet18,ResNet-18,seed42,PGD,1.0,0.0,2,results/chest_xray_pneumonia/resnet18/robustness/seed42/robustness_attacks_fine_max1024.json;results/chest_xray_pneumonia/resnet18/robustness/seed42/robustness_attacks_main_max1024.json
chest_xray_pneumonia,Chest X-ray,resnet18,ResNet-18,seed42,FGSM,0.15,0.632495164410058,1,results/chest_xray_pneumonia/resnet18/robustness/seed42/robustness_attacks_fine_max1024.json
chest_xray_pneumonia,Chest X-ray,resnet18,ResNet-18,seed42,FGSM,0.2,0.6054158607350096,1,results/chest_xray_pneumonia/resnet18/robustness/seed42/robustness_attacks_fine_max1024.json
chest_xray_pneumonia,Chest X-ray,resnet18,ResNet-18,seed42,PGD,0.15,0.09864603481624758,1,results/chest_xray_pneumonia/resnet18/robustness/seed42/robustness_attacks_fine_max1024.json
chest_xray_pneumonia,Chest X-ray,resnet18,ResNet-18,seed42,PGD,0.2,0.02127659574468085,1,results/chest_xray_pneumonia/resnet18/robustness/seed42/robustness_attacks_fine_max1024.json
chest_xray_pneumonia,Chest X-ray,resnet18,ResNet-18,seed42,FGSM,2.0,0.6460348162475822,1,results/chest_xray_pneumonia/resnet18/robustness/seed42/robustness_attacks_main_max1024.json
chest_xray_pneumonia,Chest X-ray,resnet18,ResNet-18,seed42,FGSM,4.0,0.7504835589941973,1,results/chest_xray_pneumonia/resnet18/robustness/seed42/robustness_attacks_main_max1024.json
chest_xray_pneumonia,Chest X-ray,resnet18,ResNet-18,seed42,FGSM,8.0,0.7524177949709865,1,results/chest_xray_pneumonia/resnet18/robustness/seed42/robustness_attacks_main_max1024.json
chest_xray_pneumonia,Chest X-ray,resnet18,ResNet-18,seed42,FGSM,16.0,0.7524177949709865,1,results/chest_xray_pneumonia/resnet18/robustness/seed42/robustness_attacks_main_max1024.json
chest_xray_pneumonia,Chest X-ray,resnet18,ResNet-18,seed42,PGD,2.0,0.0,1,results/chest_xray_pneumonia/resnet18/robustness/seed42/robustness_attacks_main_max1024.json
chest_xray_pneumonia,Chest X-ray,resnet18,ResNet-18,seed42,PGD,4.0,0.0,1,results/chest_xray_pneumonia/resnet18/robustness/seed42/robustness_attacks_main_max1024.json
chest_xray_pneumonia,Chest X-ray,resnet18,ResNet-18,seed42,PGD,8.0,0.0,1,results/chest_xray_pneumonia/resnet18/robustness/seed42/robustness_attacks_main_max1024.json
chest_xray_pneumonia,Chest X-ray,resnet18,ResNet-18,seed42,PGD,16.0,0.0,1,results/chest_xray_pneumonia/resnet18/robustness/seed42/robustness_attacks_main_max1024.json
chest_xray_pneumonia,Chest X-ray,resnet18,ResNet-18,seed43,FGSM,0.1,0.68389662027833,2,results/chest_xray_pneumonia/resnet18/robustness/seed43/robustness_attacks_fine_max1024.json;results/chest_xray_pneumonia/resnet18/robustness/seed43/robustness_attacks_fine_max1024.json
chest_xray_pneumonia,Chest X-ray,resnet18,ResNet-18,seed43,FGSM,0.15,0.6361829025844931,1,results/chest_xray_pneumonia/resnet18/robustness/seed43/robustness_attacks_fine_max1024.json
chest_xray_pneumonia,Chest X-ray,resnet18,ResNet-18,seed43,FGSM,0.2,0.610337972166998,1,results/chest_xray_pneumonia/resnet18/robustness/seed43/robustness_attacks_fine_max1024.json
chest_xray_pneumonia,Chest X-ray,resnet18,ResNet-18,seed43,FGSM,0.25,0.5785288270377733,1,results/chest_xray_pneumonia/resnet18/robustness/seed43/robustness_attacks_fine_max1024.json
chest_xray_pneumonia,Chest X-ray,resnet18,ResNet-18,seed43,FGSM,0.5,0.5387673956262425,1,results/chest_xray_pneumonia/resnet18/robustness/seed43/robustness_attacks_fine_max1024.json
chest_xray_pneumonia,Chest X-ray,resnet18,ResNet-18,seed43,FGSM,1.0,0.5526838966202783,2,results/chest_xray_pneumonia/resnet18/robustness/seed43/robustness_attacks_fine_max1024.json;results/chest_xray_pneumonia/resnet18/robustness/seed43/robustness_attacks_main_max1024.json
chest_xray_pneumonia,Chest X-ray,resnet18,ResNet-18,seed43,PGD,0.1,0.3101391650099404,2,results/chest_xray_pneumonia/resnet18/robustness/seed43/robustness_attacks_fine_max1024.json;results/chest_xray_pneumonia/resnet18/robustness/seed43/robustness_attacks_fine_max1024.json
chest_xray_pneumonia,Chest X-ray,resnet18,ResNet-18,seed43,PGD,0.15,0.08548707753479125,1,results/chest_xray_pneumonia/resnet18/robustness/seed43/robustness_attacks_fine_max1024.json
chest_xray_pneumonia,Chest X-ray,resnet18,ResNet-18,seed43,PGD,0.2,0.02385685884691849,1,results/chest_xray_pneumonia/resnet18/robustness/seed43/robustness_attacks_fine_max1024.json
chest_xray_pneumonia,Chest X-ray,resnet18,ResNet-18,seed43,PGD,0.25,0.0019880715705765406,1,results/chest_xray_pneumonia/resnet18/robustness/seed43/robustness_attacks_fine_max1024.json
chest_xray_pneumonia,Chest X-ray,resnet18,ResNet-18,seed43,PGD,0.5,0.0,1,results/chest_xray_pneumonia/resnet18/robustness/seed43/robustness_attacks_fine_max1024.json
chest_xray_pneumonia,Chest X-ray,resnet18,ResNet-18,seed43,PGD,1.0,0.0,2,results/chest_xray_pneumonia/resnet18/robustness/seed43/robustness_attacks_fine_max1024.json;results/chest_xray_pneumonia/resnet18/robustness/seed43/robustness_attacks_main_max1024.json
chest_xray_pneumonia,Chest X-ray,resnet18,ResNet-18,seed43,FGSM,2.0,0.6918489065606361,1,results/chest_xray_pneumonia/resnet18/robustness/seed43/robustness_attacks_main_max1024.json
chest_xray_pneumonia,Chest X-ray,resnet18,ResNet-18,seed43,FGSM,4.0,0.7713717693836978,1,results/chest_xray_pneumonia/resnet18/robustness/seed43/robustness_attacks_main_max1024.json
chest_xray_pneumonia,Chest X-ray,resnet18,ResNet-18,seed43,FGSM,8.0,0.7713717693836978,1,results/chest_xray_pneumonia/resnet18/robustness/seed43/robustness_attacks_main_max1024.json
chest_xray_pneumonia,Chest X-ray,resnet18,ResNet-18,seed43,FGSM,16.0,0.7713717693836978,1,results/chest_xray_pneumonia/resnet18/robustness/seed43/robustness_attacks_main_max1024.json
chest_xray_pneumonia,Chest X-ray,resnet18,ResNet-18,seed43,PGD,2.0,0.0,1,results/chest_xray_pneumonia/resnet18/robustness/seed43/robustness_attacks_main_max1024.json
chest_xray_pneumonia,Chest X-ray,resnet18,ResNet-18,seed43,PGD,4.0,0.0,1,results/chest_xray_pneumonia/resnet18/robustness/seed43/robustness_attacks_main_max1024.json
chest_xray_pneumonia,Chest X-ray,resnet18,ResNet-18,seed43,PGD,8.0,0.0,1,results/chest_xray_pneumonia/resnet18/robustness/seed43/robustness_attacks_main_max1024.json
chest_xray_pneumonia,Chest X-ray,resnet18,ResNet-18,seed43,PGD,16.0,0.0,1,results/chest_xray_pneumonia/resnet18/robustness/seed43/robustness_attacks_main_max1024.json
chest_xray_pneumonia,Chest X-ray,resnet18,ResNet-18,seed44,FGSM,0.1,0.7225548902195609,2,results/chest_xray_pneumonia/resnet18/robustness/seed44/robustness_attacks_fine_max1024.json;results/chest_xray_pneumonia/resnet18/robustness/seed44/robustness_attacks_fine_max1024.json
chest_xray_pneumonia,Chest X-ray,resnet18,ResNet-18,seed44,FGSM,0.15,0.6726546906187625,1,results/chest_xray_pneumonia/resnet18/robustness/seed44/robustness_attacks_fine_max1024.json
chest_xray_pneumonia,Chest X-ray,resnet18,ResNet-18,seed44,FGSM,0.2,0.6187624750499002,1,results/chest_xray_pneumonia/resnet18/robustness/seed44/robustness_attacks_fine_max1024.json
chest_xray_pneumonia,Chest X-ray,resnet18,ResNet-18,seed44,FGSM,0.25,0.5968063872255489,1,results/chest_xray_pneumonia/resnet18/robustness/seed44/robustness_attacks_fine_max1024.json
chest_xray_pneumonia,Chest X-ray,resnet18,ResNet-18,seed44,FGSM,0.5,0.562874251497006,1,results/chest_xray_pneumonia/resnet18/robustness/seed44/robustness_attacks_fine_max1024.json
chest_xray_pneumonia,Chest X-ray,resnet18,ResNet-18,seed44,FGSM,1.0,0.5728542914171657,2,results/chest_xray_pneumonia/resnet18/robustness/seed44/robustness_attacks_fine_max1024.json;results/chest_xray_pneumonia/resnet18/robustness/seed44/robustness_attacks_main_max1024.json
chest_xray_pneumonia,Chest X-ray,resnet18,ResNet-18,seed44,PGD,0.1,0.4231536926147705,2,results/chest_xray_pneumonia/resnet18/robustness/seed44/robustness_attacks_fine_max1024.json;results/chest_xray_pneumonia/resnet18/robustness/seed44/robustness_attacks_fine_max1024.json
chest_xray_pneumonia,Chest X-ray,resnet18,ResNet-18,seed44,PGD,0.15,0.11976047904191617,1,results/chest_xray_pneumonia/resnet18/robustness/seed44/robustness_attacks_fine_max1024.json
chest_xray_pneumonia,Chest X-ray,resnet18,ResNet-18,seed44,PGD,0.2,0.027944111776447105,1,results/chest_xray_pneumonia/resnet18/robustness/seed44/robustness_attacks_fine_max1024.json
chest_xray_pneumonia,Chest X-ray,resnet18,ResNet-18,seed44,PGD,0.25,0.003992015968063872,1,results/chest_xray_pneumonia/resnet18/robustness/seed44/robustness_attacks_fine_max1024.json
chest_xray_pneumonia,Chest X-ray,resnet18,ResNet-18,seed44,PGD,0.5,0.0,1,results/chest_xray_pneumonia/resnet18/robustness/seed44/robustness_attacks_fine_max1024.json
chest_xray_pneumonia,Chest X-ray,resnet18,ResNet-18,seed44,PGD,1.0,0.0,2,results/chest_xray_pneumonia/resnet18/robustness/seed44/robustness_attacks_fine_max1024.json;results/chest_xray_pneumonia/resnet18/robustness/seed44/robustness_attacks_main_max1024.json
chest_xray_pneumonia,Chest X-ray,resnet18,ResNet-18,seed44,FGSM,2.0,0.654690618762475,1,results/chest_xray_pneumonia/resnet18/robustness/seed44/robustness_attacks_main_max1024.json
chest_xray_pneumonia,Chest X-ray,resnet18,ResNet-18,seed44,FGSM,4.0,0.7604790419161677,1,results/chest_xray_pneumonia/resnet18/robustness/seed44/robustness_attacks_main_max1024.json
chest_xray_pneumonia,Chest X-ray,resnet18,ResNet-18,seed44,FGSM,8.0,0.7784431137724551,1,results/chest_xray_pneumonia/resnet18/robustness/seed44/robustness_attacks_main_max1024.json
chest_xray_pneumonia,Chest X-ray,resnet18,ResNet-18,seed44,FGSM,16.0,0.7784431137724551,1,results/chest_xray_pneumonia/resnet18/robustness/seed44/robustness_attacks_main_max1024.json
chest_xray_pneumonia,Chest X-ray,resnet18,ResNet-18,seed44,PGD,2.0,0.0,1,results/chest_xray_pneumonia/resnet18/robustness/seed44/robustness_attacks_main_max1024.json
chest_xray_pneumonia,Chest X-ray,resnet18,ResNet-18,seed44,PGD,4.0,0.0,1,results/chest_xray_pneumonia/resnet18/robustness/seed44/robustness_attacks_main_max1024.json
chest_xray_pneumonia,Chest X-ray,resnet18,ResNet-18,seed44,PGD,8.0,0.0,1,results/chest_xray_pneumonia/resnet18/robustness/seed44/robustness_attacks_main_max1024.json
chest_xray_pneumonia,Chest X-ray,resnet18,ResNet-18,seed44,PGD,16.0,0.0,1,results/chest_xray_pneumonia/resnet18/robustness/seed44/robustness_attacks_main_max1024.json
chest_xray_pneumonia,Chest X-ray,resnet34,ResNet-34,seed42,FGSM,0.1,0.6843100189035917,2,results/chest_xray_pneumonia/resnet34/robustness/seed42/robustness_attacks_fine_max1024.json;results/chest_xray_pneumonia/resnet34/robustness/seed42/robustness_attacks_fine_max1024.json
chest_xray_pneumonia,Chest X-ray,resnet34,ResNet-34,seed42,FGSM,0.15,0.6275992438563327,1,results/chest_xray_pneumonia/resnet34/robustness/seed42/robustness_attacks_fine_max1024.json
chest_xray_pneumonia,Chest X-ray,resnet34,ResNet-34,seed42,FGSM,0.2,0.6068052930056711,1,results/chest_xray_pneumonia/resnet34/robustness/seed42/robustness_attacks_fine_max1024.json
chest_xray_pneumonia,Chest X-ray,resnet34,ResNet-34,seed42,FGSM,0.25,0.6011342155009451,1,results/chest_xray_pneumonia/resnet34/robustness/seed42/robustness_attacks_fine_max1024.json
chest_xray_pneumonia,Chest X-ray,resnet34,ResNet-34,seed42,FGSM,0.5,0.5879017013232514,1,results/chest_xray_pneumonia/resnet34/robustness/seed42/robustness_attacks_fine_max1024.json
chest_xray_pneumonia,Chest X-ray,resnet34,ResNet-34,seed42,FGSM,1.0,0.5765595463137996,2,results/chest_xray_pneumonia/resnet34/robustness/seed42/robustness_attacks_fine_max1024.json;results/chest_xray_pneumonia/resnet34/robustness/seed42/robustness_attacks_main_max1024.json
chest_xray_pneumonia,Chest X-ray,resnet34,ResNet-34,seed42,PGD,0.1,0.23062381852551986,2,results/chest_xray_pneumonia/resnet34/robustness/seed42/robustness_attacks_fine_max1024.json;results/chest_xray_pneumonia/resnet34/robustness/seed42/robustness_attacks_fine_max1024.json
chest_xray_pneumonia,Chest X-ray,resnet34,ResNet-34,seed42,PGD,0.15,0.054820415879017016,1,results/chest_xray_pneumonia/resnet34/robustness/seed42/robustness_attacks_fine_max1024.json
chest_xray_pneumonia,Chest X-ray,resnet34,ResNet-34,seed42,PGD,0.2,0.00945179584120983,1,results/chest_xray_pneumonia/resnet34/robustness/seed42/robustness_attacks_fine_max1024.json
chest_xray_pneumonia,Chest X-ray,resnet34,ResNet-34,seed42,PGD,0.25,0.003780718336483932,1,results/chest_xray_pneumonia/resnet34/robustness/seed42/robustness_attacks_fine_max1024.json
chest_xray_pneumonia,Chest X-ray,resnet34,ResNet-34,seed42,PGD,0.5,0.0,1,results/chest_xray_pneumonia/resnet34/robustness/seed42/robustness_attacks_fine_max1024.json
chest_xray_pneumonia,Chest X-ray,resnet34,ResNet-34,seed42,PGD,1.0,0.0,2,results/chest_xray_pneumonia/resnet34/robustness/seed42/robustness_attacks_fine_max1024.json;results/chest_xray_pneumonia/resnet34/robustness/seed42/robustness_attacks_main_max1024.json
chest_xray_pneumonia,Chest X-ray,resnet34,ResNet-34,seed42,FGSM,2.0,0.6200378071833649,1,results/chest_xray_pneumonia/resnet34/robustness/seed42/robustness_attacks_main_max1024.json
chest_xray_pneumonia,Chest X-ray,resnet34,ResNet-34,seed42,FGSM,4.0,0.6540642722117203,1,results/chest_xray_pneumonia/resnet34/robustness/seed42/robustness_attacks_main_max1024.json
chest_xray_pneumonia,Chest X-ray,resnet34,ResNet-34,seed42,FGSM,8.0,0.5368620037807184,1,results/chest_xray_pneumonia/resnet34/robustness/seed42/robustness_attacks_main_max1024.json
chest_xray_pneumonia,Chest X-ray,resnet34,ResNet-34,seed42,FGSM,16.0,0.2665406427221172,1,results/chest_xray_pneumonia/resnet34/robustness/seed42/robustness_attacks_main_max1024.json
chest_xray_pneumonia,Chest X-ray,resnet34,ResNet-34,seed42,PGD,2.0,0.0,1,results/chest_xray_pneumonia/resnet34/robustness/seed42/robustness_attacks_main_max1024.json
chest_xray_pneumonia,Chest X-ray,resnet34,ResNet-34,seed42,PGD,4.0,0.0,1,results/chest_xray_pneumonia/resnet34/robustness/seed42/robustness_attacks_main_max1024.json
chest_xray_pneumonia,Chest X-ray,resnet34,ResNet-34,seed42,PGD,8.0,0.0,1,results/chest_xray_pneumonia/resnet34/robustness/seed42/robustness_attacks_main_max1024.json
chest_xray_pneumonia,Chest X-ray,resnet34,ResNet-34,seed42,PGD,16.0,0.0,1,results/chest_xray_pneumonia/resnet34/robustness/seed42/robustness_attacks_main_max1024.json
chest_xray_pneumonia,Chest X-ray,resnet34,ResNet-34,seed43,FGSM,0.1,0.7897838899803536,2,results/chest_xray_pneumonia/resnet34/robustness/seed43/robustness_attacks_fine_max1024.json;results/chest_xray_pneumonia/resnet34/robustness/seed43/robustness_attacks_fine_max1024.json
chest_xray_pneumonia,Chest X-ray,resnet34,ResNet-34,seed43,FGSM,0.15,0.7524557956777996,1,results/chest_xray_pneumonia/resnet34/robustness/seed43/robustness_attacks_fine_max1024.json
chest_xray_pneumonia,Chest X-ray,resnet34,ResNet-34,seed43,FGSM,0.2,0.7347740667976425,1,results/chest_xray_pneumonia/resnet34/robustness/seed43/robustness_attacks_fine_max1024.json
chest_xray_pneumonia,Chest X-ray,resnet34,ResNet-34,seed43,FGSM,0.25,0.7210216110019646,1,results/chest_xray_pneumonia/resnet34/robustness/seed43/robustness_attacks_fine_max1024.json
chest_xray_pneumonia,Chest X-ray,resnet34,ResNet-34,seed43,FGSM,0.5,0.7033398821218074,1,results/chest_xray_pneumonia/resnet34/robustness/seed43/robustness_attacks_fine_max1024.json
chest_xray_pneumonia,Chest X-ray,resnet34,ResNet-34,seed43,FGSM,1.0,0.7072691552062869,2,results/chest_xray_pneumonia/resnet34/robustness/seed43/robustness_attacks_fine_max1024.json;results/chest_xray_pneumonia/resnet34/robustness/seed43/robustness_attacks_main_max1024.json
chest_xray_pneumonia,Chest X-ray,resnet34,ResNet-34,seed43,PGD,0.1,0.5402750491159135,2,results/chest_xray_pneumonia/resnet34/robustness/seed43/robustness_attacks_fine_max1024.json;results/chest_xray_pneumonia/resnet34/robustness/seed43/robustness_attacks_fine_max1024.json
chest_xray_pneumonia,Chest X-ray,resnet34,ResNet-34,seed43,PGD,0.15,0.2829076620825147,1,results/chest_xray_pneumonia/resnet34/robustness/seed43/robustness_attacks_fine_max1024.json
chest_xray_pneumonia,Chest X-ray,resnet34,ResNet-34,seed43,PGD,0.2,0.1100196463654224,1,results/chest_xray_pneumonia/resnet34/robustness/seed43/robustness_attacks_fine_max1024.json
chest_xray_pneumonia,Chest X-ray,resnet34,ResNet-34,seed43,PGD,0.25,0.03339882121807466,1,results/chest_xray_pneumonia/resnet34/robustness/seed43/robustness_attacks_fine_max1024.json
chest_xray_pneumonia,Chest X-ray,resnet34,ResNet-34,seed43,PGD,0.5,0.0,1,results/chest_xray_pneumonia/resnet34/robustness/seed43/robustness_attacks_fine_max1024.json
chest_xray_pneumonia,Chest X-ray,resnet34,ResNet-34,seed43,PGD,1.0,0.0,2,results/chest_xray_pneumonia/resnet34/robustness/seed43/robustness_attacks_fine_max1024.json;results/chest_xray_pneumonia/resnet34/robustness/seed43/robustness_attacks_main_max1024.json
chest_xray_pneumonia,Chest X-ray,resnet34,ResNet-34,seed43,FGSM,2.0,0.7210216110019646,1,results/chest_xray_pneumonia/resnet34/robustness/seed43/robustness_attacks_main_max1024.json
chest_xray_pneumonia,Chest X-ray,resnet34,ResNet-34,seed43,FGSM,4.0,0.7426326129666012,1,results/chest_xray_pneumonia/resnet34/robustness/seed43/robustness_attacks_main_max1024.json
chest_xray_pneumonia,Chest X-ray,resnet34,ResNet-34,seed43,FGSM,8.0,0.7642436149312377,1,results/chest_xray_pneumonia/resnet34/robustness/seed43/robustness_attacks_main_max1024.json
chest_xray_pneumonia,Chest X-ray,resnet34,ResNet-34,seed43,FGSM,16.0,0.7642436149312377,1,results/chest_xray_pneumonia/resnet34/robustness/seed43/robustness_attacks_main_max1024.json
chest_xray_pneumonia,Chest X-ray,resnet34,ResNet-34,seed43,PGD,2.0,0.0,1,results/chest_xray_pneumonia/resnet34/robustness/seed43/robustness_attacks_main_max1024.json
chest_xray_pneumonia,Chest X-ray,resnet34,ResNet-34,seed43,PGD,4.0,0.0,1,results/chest_xray_pneumonia/resnet34/robustness/seed43/robustness_attacks_main_max1024.json
chest_xray_pneumonia,Chest X-ray,resnet34,ResNet-34,seed43,PGD,8.0,0.0,1,results/chest_xray_pneumonia/resnet34/robustness/seed43/robustness_attacks_main_max1024.json
chest_xray_pneumonia,Chest X-ray,resnet34,ResNet-34,seed43,PGD,16.0,0.0,1,results/chest_xray_pneumonia/resnet34/robustness/seed43/robustness_attacks_main_max1024.json
chest_xray_pneumonia,Chest X-ray,resnet34,ResNet-34,seed44,FGSM,0.1,0.7375478927203065,2,results/chest_xray_pneumonia/resnet34/robustness/seed44/robustness_attacks_fine_max1024.json;results/chest_xray_pneumonia/resnet34/robustness/seed44/robustness_attacks_fine_max1024.json
chest_xray_pneumonia,Chest X-ray,resnet34,ResNet-34,seed44,FGSM,0.15,0.7164750957854407,1,results/chest_xray_pneumonia/resnet34/robustness/seed44/robustness_attacks_fine_max1024.json
chest_xray_pneumonia,Chest X-ray,resnet34,ResNet-34,seed44,FGSM,0.2,0.7126436781609196,1,results/chest_xray_pneumonia/resnet34/robustness/seed44/robustness_attacks_fine_max1024.json
chest_xray_pneumonia,Chest X-ray,resnet34,ResNet-34,seed44,FGSM,0.25,0.7030651340996169,1,results/chest_xray_pneumonia/resnet34/robustness/seed44/robustness_attacks_fine_max1024.json
chest_xray_pneumonia,Chest X-ray,resnet34,ResNet-34,seed44,FGSM,0.5,0.6877394636015326,1,results/chest_xray_pneumonia/resnet34/robustness/seed44/robustness_attacks_fine_max1024.json
chest_xray_pneumonia,Chest X-ray,resnet34,ResNet-34,seed44,FGSM,1.0,0.6819923371647509,2,results/chest_xray_pneumonia/resnet34/robustness/seed44/robustness_attacks_fine_max1024.json;results/chest_xray_pneumonia/resnet34/robustness/seed44/robustness_attacks_main_max1024.json
chest_xray_pneumonia,Chest X-ray,resnet34,ResNet-34,seed44,PGD,0.1,0.3448275862068966,2,results/chest_xray_pneumonia/resnet34/robustness/seed44/robustness_attacks_fine_max1024.json;results/chest_xray_pneumonia/resnet34/robustness/seed44/robustness_attacks_fine_max1024.json
chest_xray_pneumonia,Chest X-ray,resnet34,ResNet-34,seed44,PGD,0.15,0.15517241379310345,1,results/chest_xray_pneumonia/resnet34/robustness/seed44/robustness_attacks_fine_max1024.json
chest_xray_pneumonia,Chest X-ray,resnet34,ResNet-34,seed44,PGD,0.2,0.05938697318007663,1,results/chest_xray_pneumonia/resnet34/robustness/seed44/robustness_attacks_fine_max1024.json
chest_xray_pneumonia,Chest X-ray,resnet34,ResNet-34,seed44,PGD,0.25,0.02490421455938697,1,results/chest_xray_pneumonia/resnet34/robustness/seed44/robustness_attacks_fine_max1024.json
chest_xray_pneumonia,Chest X-ray,resnet34,ResNet-34,seed44,PGD,0.5,0.0,1,results/chest_xray_pneumonia/resnet34/robustness/seed44/robustness_attacks_fine_max1024.json
chest_xray_pneumonia,Chest X-ray,resnet34,ResNet-34,seed44,PGD,1.0,0.0,2,results/chest_xray_pneumonia/resnet34/robustness/seed44/robustness_attacks_fine_max1024.json;results/chest_xray_pneumonia/resnet34/robustness/seed44/robustness_attacks_main_max1024.json
chest_xray_pneumonia,Chest X-ray,resnet34,ResNet-34,seed44,FGSM,2.0,0.6896551724137931,1,results/chest_xray_pneumonia/resnet34/robustness/seed44/robustness_attacks_main_max1024.json
chest_xray_pneumonia,Chest X-ray,resnet34,ResNet-34,seed44,FGSM,4.0,0.6877394636015326,1,results/chest_xray_pneumonia/resnet34/robustness/seed44/robustness_attacks_main_max1024.json
chest_xray_pneumonia,Chest X-ray,resnet34,ResNet-34,seed44,FGSM,8.0,0.7375478927203065,1,results/chest_xray_pneumonia/resnet34/robustness/seed44/robustness_attacks_main_max1024.json
chest_xray_pneumonia,Chest X-ray,resnet34,ResNet-34,seed44,FGSM,16.0,0.7432950191570882,1,results/chest_xray_pneumonia/resnet34/robustness/seed44/robustness_attacks_main_max1024.json
chest_xray_pneumonia,Chest X-ray,resnet34,ResNet-34,seed44,PGD,2.0,0.0,1,results/chest_xray_pneumonia/resnet34/robustness/seed44/robustness_attacks_main_max1024.json
chest_xray_pneumonia,Chest X-ray,resnet34,ResNet-34,seed44,PGD,4.0,0.0,1,results/chest_xray_pneumonia/resnet34/robustness/seed44/robustness_attacks_main_max1024.json
chest_xray_pneumonia,Chest X-ray,resnet34,ResNet-34,seed44,PGD,8.0,0.0,1,results/chest_xray_pneumonia/resnet34/robustness/seed44/robustness_attacks_main_max1024.json
chest_xray_pneumonia,Chest X-ray,resnet34,ResNet-34,seed44,PGD,16.0,0.0,1,results/chest_xray_pneumonia/resnet34/robustness/seed44/robustness_attacks_main_max1024.json
chest_xray_pneumonia,Chest X-ray,resnet50,ResNet-50,seed42,FGSM,0.1,0.6571969696969697,2,results/chest_xray_pneumonia/resnet50/robustness/seed42/robustness_attacks_fine_max1024.json;results/chest_xray_pneumonia/resnet50/robustness/seed42/robustness_attacks_fine_max1024.json
chest_xray_pneumonia,Chest X-ray,resnet50,ResNet-50,seed42,FGSM,0.15,0.6496212121212122,1,results/chest_xray_pneumonia/resnet50/robustness/seed42/robustness_attacks_fine_max1024.json
chest_xray_pneumonia,Chest X-ray,resnet50,ResNet-50,seed42,FGSM,0.2,0.6553030303030303,1,results/chest_xray_pneumonia/resnet50/robustness/seed42/robustness_attacks_fine_max1024.json
chest_xray_pneumonia,Chest X-ray,resnet50,ResNet-50,seed42,FGSM,0.25,0.6628787878787878,1,results/chest_xray_pneumonia/resnet50/robustness/seed42/robustness_attacks_fine_max1024.json
chest_xray_pneumonia,Chest X-ray,resnet50,ResNet-50,seed42,FGSM,0.5,0.6988636363636364,1,results/chest_xray_pneumonia/resnet50/robustness/seed42/robustness_attacks_fine_max1024.json
chest_xray_pneumonia,Chest X-ray,resnet50,ResNet-50,seed42,FGSM,1.0,0.7310606060606061,2,results/chest_xray_pneumonia/resnet50/robustness/seed42/robustness_attacks_fine_max1024.json;results/chest_xray_pneumonia/resnet50/robustness/seed42/robustness_attacks_main_max1024.json
chest_xray_pneumonia,Chest X-ray,resnet50,ResNet-50,seed42,PGD,0.1,0.04734848484848485,2,results/chest_xray_pneumonia/resnet50/robustness/seed42/robustness_attacks_fine_max1024.json;results/chest_xray_pneumonia/resnet50/robustness/seed42/robustness_attacks_fine_max1024.json
chest_xray_pneumonia,Chest X-ray,resnet50,ResNet-50,seed42,PGD,0.15,0.013257575757575758,1,results/chest_xray_pneumonia/resnet50/robustness/seed42/robustness_attacks_fine_max1024.json
chest_xray_pneumonia,Chest X-ray,resnet50,ResNet-50,seed42,PGD,0.2,0.001893939393939394,1,results/chest_xray_pneumonia/resnet50/robustness/seed42/robustness_attacks_fine_max1024.json
chest_xray_pneumonia,Chest X-ray,resnet50,ResNet-50,seed42,PGD,0.25,0.0,1,results/chest_xray_pneumonia/resnet50/robustness/seed42/robustness_attacks_fine_max1024.json
chest_xray_pneumonia,Chest X-ray,resnet50,ResNet-50,seed42,PGD,0.5,0.0,1,results/chest_xray_pneumonia/resnet50/robustness/seed42/robustness_attacks_fine_max1024.json
chest_xray_pneumonia,Chest X-ray,resnet50,ResNet-50,seed42,PGD,1.0,0.0,2,results/chest_xray_pneumonia/resnet50/robustness/seed42/robustness_attacks_fine_max1024.json;results/chest_xray_pneumonia/resnet50/robustness/seed42/robustness_attacks_main_max1024.json
chest_xray_pneumonia,Chest X-ray,resnet50,ResNet-50,seed42,FGSM,2.0,0.7310606060606061,1,results/chest_xray_pneumonia/resnet50/robustness/seed42/robustness_attacks_main_max1024.json
chest_xray_pneumonia,Chest X-ray,resnet50,ResNet-50,seed42,FGSM,4.0,0.7310606060606061,1,results/chest_xray_pneumonia/resnet50/robustness/seed42/robustness_attacks_main_max1024.json
chest_xray_pneumonia,Chest X-ray,resnet50,ResNet-50,seed42,FGSM,8.0,0.7310606060606061,1,results/chest_xray_pneumonia/resnet50/robustness/seed42/robustness_attacks_main_max1024.json
chest_xray_pneumonia,Chest X-ray,resnet50,ResNet-50,seed42,FGSM,16.0,0.7310606060606061,1,results/chest_xray_pneumonia/resnet50/robustness/seed42/robustness_attacks_main_max1024.json
chest_xray_pneumonia,Chest X-ray,resnet50,ResNet-50,seed42,PGD,2.0,0.0,1,results/chest_xray_pneumonia/resnet50/robustness/seed42/robustness_attacks_main_max1024.json
chest_xray_pneumonia,Chest X-ray,resnet50,ResNet-50,seed42,PGD,4.0,0.0,1,results/chest_xray_pneumonia/resnet50/robustness/seed42/robustness_attacks_main_max1024.json
chest_xray_pneumonia,Chest X-ray,resnet50,ResNet-50,seed42,PGD,8.0,0.30113636363636365,1,results/chest_xray_pneumonia/resnet50/robustness/seed42/robustness_attacks_main_max1024.json
chest_xray_pneumonia,Chest X-ray,resnet50,ResNet-50,seed42,PGD,16.0,0.7310606060606061,1,results/chest_xray_pneumonia/resnet50/robustness/seed42/robustness_attacks_main_max1024.json
chest_xray_pneumonia,Chest X-ray,resnet50,ResNet-50,seed43,FGSM,0.1,0.6392857142857142,2,results/chest_xray_pneumonia/resnet50/robustness/seed43/robustness_attacks_fine_max1024.json;results/chest_xray_pneumonia/resnet50/robustness/seed43/robustness_attacks_fine_max1024.json
chest_xray_pneumonia,Chest X-ray,resnet50,ResNet-50,seed43,FGSM,0.15,0.6303571428571428,1,results/chest_xray_pneumonia/resnet50/robustness/seed43/robustness_attacks_fine_max1024.json
chest_xray_pneumonia,Chest X-ray,resnet50,ResNet-50,seed43,FGSM,0.2,0.6321428571428571,1,results/chest_xray_pneumonia/resnet50/robustness/seed43/robustness_attacks_fine_max1024.json
chest_xray_pneumonia,Chest X-ray,resnet50,ResNet-50,seed43,FGSM,0.25,0.6446428571428572,1,results/chest_xray_pneumonia/resnet50/robustness/seed43/robustness_attacks_fine_max1024.json
chest_xray_pneumonia,Chest X-ray,resnet50,ResNet-50,seed43,FGSM,0.5,0.6767857142857143,1,results/chest_xray_pneumonia/resnet50/robustness/seed43/robustness_attacks_fine_max1024.json
chest_xray_pneumonia,Chest X-ray,resnet50,ResNet-50,seed43,FGSM,1.0,0.6946428571428571,2,results/chest_xray_pneumonia/resnet50/robustness/seed43/robustness_attacks_fine_max1024.json;results/chest_xray_pneumonia/resnet50/robustness/seed43/robustness_attacks_main_max1024.json
chest_xray_pneumonia,Chest X-ray,resnet50,ResNet-50,seed43,PGD,0.1,0.008928571428571428,2,results/chest_xray_pneumonia/resnet50/robustness/seed43/robustness_attacks_fine_max1024.json;results/chest_xray_pneumonia/resnet50/robustness/seed43/robustness_attacks_fine_max1024.json
chest_xray_pneumonia,Chest X-ray,resnet50,ResNet-50,seed43,PGD,0.15,0.0,1,results/chest_xray_pneumonia/resnet50/robustness/seed43/robustness_attacks_fine_max1024.json
chest_xray_pneumonia,Chest X-ray,resnet50,ResNet-50,seed43,PGD,0.2,0.0,1,results/chest_xray_pneumonia/resnet50/robustness/seed43/robustness_attacks_fine_max1024.json
chest_xray_pneumonia,Chest X-ray,resnet50,ResNet-50,seed43,PGD,0.25,0.0,1,results/chest_xray_pneumonia/resnet50/robustness/seed43/robustness_attacks_fine_max1024.json
chest_xray_pneumonia,Chest X-ray,resnet50,ResNet-50,seed43,PGD,0.5,0.0,1,results/chest_xray_pneumonia/resnet50/robustness/seed43/robustness_attacks_fine_max1024.json
chest_xray_pneumonia,Chest X-ray,resnet50,ResNet-50,seed43,PGD,1.0,0.0,2,results/chest_xray_pneumonia/resnet50/robustness/seed43/robustness_attacks_fine_max1024.json;results/chest_xray_pneumonia/resnet50/robustness/seed43/robustness_attacks_main_max1024.json
chest_xray_pneumonia,Chest X-ray,resnet50,ResNet-50,seed43,FGSM,2.0,0.6910714285714286,1,results/chest_xray_pneumonia/resnet50/robustness/seed43/robustness_attacks_main_max1024.json
chest_xray_pneumonia,Chest X-ray,resnet50,ResNet-50,seed43,FGSM,4.0,0.6964285714285714,1,results/chest_xray_pneumonia/resnet50/robustness/seed43/robustness_attacks_main_max1024.json
chest_xray_pneumonia,Chest X-ray,resnet50,ResNet-50,seed43,FGSM,8.0,0.6946428571428571,1,results/chest_xray_pneumonia/resnet50/robustness/seed43/robustness_attacks_main_max1024.json
chest_xray_pneumonia,Chest X-ray,resnet50,ResNet-50,seed43,FGSM,16.0,0.6910714285714286,1,results/chest_xray_pneumonia/resnet50/robustness/seed43/robustness_attacks_main_max1024.json
chest_xray_pneumonia,Chest X-ray,resnet50,ResNet-50,seed43,PGD,2.0,0.0,1,results/chest_xray_pneumonia/resnet50/robustness/seed43/robustness_attacks_main_max1024.json
chest_xray_pneumonia,Chest X-ray,resnet50,ResNet-50,seed43,PGD,4.0,0.0,1,results/chest_xray_pneumonia/resnet50/robustness/seed43/robustness_attacks_main_max1024.json
chest_xray_pneumonia,Chest X-ray,resnet50,ResNet-50,seed43,PGD,8.0,0.0,1,results/chest_xray_pneumonia/resnet50/robustness/seed43/robustness_attacks_main_max1024.json
chest_xray_pneumonia,Chest X-ray,resnet50,ResNet-50,seed43,PGD,16.0,0.0,1,results/chest_xray_pneumonia/resnet50/robustness/seed43/robustness_attacks_main_max1024.json
chest_xray_pneumonia,Chest X-ray,resnet50,ResNet-50,seed44,FGSM,0.1,0.6840148698884758,2,results/chest_xray_pneumonia/resnet50/robustness/seed44/robustness_attacks_fine_max1024.json;results/chest_xray_pneumonia/resnet50/robustness/seed44/robustness_attacks_fine_max1024.json
chest_xray_pneumonia,Chest X-ray,resnet50,ResNet-50,seed44,FGSM,0.15,0.6784386617100372,1,results/chest_xray_pneumonia/resnet50/robustness/seed44/robustness_attacks_fine_max1024.json
chest_xray_pneumonia,Chest X-ray,resnet50,ResNet-50,seed44,FGSM,0.2,0.6802973977695167,1,results/chest_xray_pneumonia/resnet50/robustness/seed44/robustness_attacks_fine_max1024.json
chest_xray_pneumonia,Chest X-ray,resnet50,ResNet-50,seed44,FGSM,0.25,0.6691449814126395,1,results/chest_xray_pneumonia/resnet50/robustness/seed44/robustness_attacks_fine_max1024.json
chest_xray_pneumonia,Chest X-ray,resnet50,ResNet-50,seed44,FGSM,0.5,0.6895910780669146,1,results/chest_xray_pneumonia/resnet50/robustness/seed44/robustness_attacks_fine_max1024.json
chest_xray_pneumonia,Chest X-ray,resnet50,ResNet-50,seed44,FGSM,1.0,0.7174721189591078,2,results/chest_xray_pneumonia/resnet50/robustness/seed44/robustness_attacks_fine_max1024.json;results/chest_xray_pneumonia/resnet50/robustness/seed44/robustness_attacks_main_max1024.json
chest_xray_pneumonia,Chest X-ray,resnet50,ResNet-50,seed44,PGD,0.1,0.01858736059479554,2,results/chest_xray_pneumonia/resnet50/robustness/seed44/robustness_attacks_fine_max1024.json;results/chest_xray_pneumonia/resnet50/robustness/seed44/robustness_attacks_fine_max1024.json
chest_xray_pneumonia,Chest X-ray,resnet50,ResNet-50,seed44,PGD,0.15,0.0,1,results/chest_xray_pneumonia/resnet50/robustness/seed44/robustness_attacks_fine_max1024.json
chest_xray_pneumonia,Chest X-ray,resnet50,ResNet-50,seed44,PGD,0.2,0.0,1,results/chest_xray_pneumonia/resnet50/robustness/seed44/robustness_attacks_fine_max1024.json
chest_xray_pneumonia,Chest X-ray,resnet50,ResNet-50,seed44,PGD,0.25,0.0,1,results/chest_xray_pneumonia/resnet50/robustness/seed44/robustness_attacks_fine_max1024.json
chest_xray_pneumonia,Chest X-ray,resnet50,ResNet-50,seed44,PGD,0.5,0.0,1,results/chest_xray_pneumonia/resnet50/robustness/seed44/robustness_attacks_fine_max1024.json
chest_xray_pneumonia,Chest X-ray,resnet50,ResNet-50,seed44,PGD,1.0,0.0,2,results/chest_xray_pneumonia/resnet50/robustness/seed44/robustness_attacks_fine_max1024.json;results/chest_xray_pneumonia/resnet50/robustness/seed44/robustness_attacks_main_max1024.json
chest_xray_pneumonia,Chest X-ray,resnet50,ResNet-50,seed44,FGSM,2.0,0.7230483271375465,1,results/chest_xray_pneumonia/resnet50/robustness/seed44/robustness_attacks_main_max1024.json
chest_xray_pneumonia,Chest X-ray,resnet50,ResNet-50,seed44,FGSM,4.0,0.7267657992565055,1,results/chest_xray_pneumonia/resnet50/robustness/seed44/robustness_attacks_main_max1024.json
chest_xray_pneumonia,Chest X-ray,resnet50,ResNet-50,seed44,FGSM,8.0,0.7230483271375465,1,results/chest_xray_pneumonia/resnet50/robustness/seed44/robustness_attacks_main_max1024.json
chest_xray_pneumonia,Chest X-ray,resnet50,ResNet-50,seed44,FGSM,16.0,0.7230483271375465,1,results/chest_xray_pneumonia/resnet50/robustness/seed44/robustness_attacks_main_max1024.json
chest_xray_pneumonia,Chest X-ray,resnet50,ResNet-50,seed44,PGD,2.0,0.0,1,results/chest_xray_pneumonia/resnet50/robustness/seed44/robustness_attacks_main_max1024.json
chest_xray_pneumonia,Chest X-ray,resnet50,ResNet-50,seed44,PGD,4.0,0.0,1,results/chest_xray_pneumonia/resnet50/robustness/seed44/robustness_attacks_main_max1024.json
chest_xray_pneumonia,Chest X-ray,resnet50,ResNet-50,seed44,PGD,8.0,0.0,1,results/chest_xray_pneumonia/resnet50/robustness/seed44/robustness_attacks_main_max1024.json
chest_xray_pneumonia,Chest X-ray,resnet50,ResNet-50,seed44,PGD,16.0,0.0,1,results/chest_xray_pneumonia/resnet50/robustness/seed44/robustness_attacks_main_max1024.json
chest_xray_pneumonia,Chest X-ray,resnet101,ResNet-101,seed42,FGSM,0.1,0.7085714285714285,2,results/chest_xray_pneumonia/resnet101/robustness/seed42/robustness_attacks_fine_max1024.json;results/chest_xray_pneumonia/resnet101/robustness/seed42/robustness_attacks_fine_max1024.json
chest_xray_pneumonia,Chest X-ray,resnet101,ResNet-101,seed42,FGSM,0.15,0.6971428571428572,1,results/chest_xray_pneumonia/resnet101/robustness/seed42/robustness_attacks_fine_max1024.json
chest_xray_pneumonia,Chest X-ray,resnet101,ResNet-101,seed42,FGSM,0.2,0.6952380952380952,1,results/chest_xray_pneumonia/resnet101/robustness/seed42/robustness_attacks_fine_max1024.json
chest_xray_pneumonia,Chest X-ray,resnet101,ResNet-101,seed42,FGSM,0.25,0.699047619047619,1,results/chest_xray_pneumonia/resnet101/robustness/seed42/robustness_attacks_fine_max1024.json
chest_xray_pneumonia,Chest X-ray,resnet101,ResNet-101,seed42,FGSM,0.5,0.7161904761904762,1,results/chest_xray_pneumonia/resnet101/robustness/seed42/robustness_attacks_fine_max1024.json
chest_xray_pneumonia,Chest X-ray,resnet101,ResNet-101,seed42,FGSM,1.0,0.7352380952380952,2,results/chest_xray_pneumonia/resnet101/robustness/seed42/robustness_attacks_fine_max1024.json;results/chest_xray_pneumonia/resnet101/robustness/seed42/robustness_attacks_main_max1024.json
chest_xray_pneumonia,Chest X-ray,resnet101,ResNet-101,seed42,PGD,0.1,0.09714285714285714,2,results/chest_xray_pneumonia/resnet101/robustness/seed42/robustness_attacks_fine_max1024.json;results/chest_xray_pneumonia/resnet101/robustness/seed42/robustness_attacks_fine_max1024.json
chest_xray_pneumonia,Chest X-ray,resnet101,ResNet-101,seed42,PGD,0.15,0.04,1,results/chest_xray_pneumonia/resnet101/robustness/seed42/robustness_attacks_fine_max1024.json
chest_xray_pneumonia,Chest X-ray,resnet101,ResNet-101,seed42,PGD,0.2,0.02857142857142857,1,results/chest_xray_pneumonia/resnet101/robustness/seed42/robustness_attacks_fine_max1024.json
chest_xray_pneumonia,Chest X-ray,resnet101,ResNet-101,seed42,PGD,0.25,0.013333333333333334,1,results/chest_xray_pneumonia/resnet101/robustness/seed42/robustness_attacks_fine_max1024.json
chest_xray_pneumonia,Chest X-ray,resnet101,ResNet-101,seed42,PGD,0.5,0.0019047619047619048,1,results/chest_xray_pneumonia/resnet101/robustness/seed42/robustness_attacks_fine_max1024.json
chest_xray_pneumonia,Chest X-ray,resnet101,ResNet-101,seed42,PGD,1.0,0.0,2,results/chest_xray_pneumonia/resnet101/robustness/seed42/robustness_attacks_fine_max1024.json;results/chest_xray_pneumonia/resnet101/robustness/seed42/robustness_attacks_main_max1024.json
chest_xray_pneumonia,Chest X-ray,resnet101,ResNet-101,seed42,FGSM,2.0,0.7352380952380952,1,results/chest_xray_pneumonia/resnet101/robustness/seed42/robustness_attacks_main_max1024.json
chest_xray_pneumonia,Chest X-ray,resnet101,ResNet-101,seed42,FGSM,4.0,0.7352380952380952,1,results/chest_xray_pneumonia/resnet101/robustness/seed42/robustness_attacks_main_max1024.json
chest_xray_pneumonia,Chest X-ray,resnet101,ResNet-101,seed42,FGSM,8.0,0.6876190476190476,1,results/chest_xray_pneumonia/resnet101/robustness/seed42/robustness_attacks_main_max1024.json
chest_xray_pneumonia,Chest X-ray,resnet101,ResNet-101,seed42,FGSM,16.0,0.33714285714285713,1,results/chest_xray_pneumonia/resnet101/robustness/seed42/robustness_attacks_main_max1024.json
chest_xray_pneumonia,Chest X-ray,resnet101,ResNet-101,seed42,PGD,2.0,0.0038095238095238095,1,results/chest_xray_pneumonia/resnet101/robustness/seed42/robustness_attacks_main_max1024.json
chest_xray_pneumonia,Chest X-ray,resnet101,ResNet-101,seed42,PGD,4.0,0.0,1,results/chest_xray_pneumonia/resnet101/robustness/seed42/robustness_attacks_main_max1024.json
chest_xray_pneumonia,Chest X-ray,resnet101,ResNet-101,seed42,PGD,8.0,0.0,1,results/chest_xray_pneumonia/resnet101/robustness/seed42/robustness_attacks_main_max1024.json
chest_xray_pneumonia,Chest X-ray,resnet101,ResNet-101,seed42,PGD,16.0,0.0,1,results/chest_xray_pneumonia/resnet101/robustness/seed42/robustness_attacks_main_max1024.json
chest_xray_pneumonia,Chest X-ray,resnet101,ResNet-101,seed43,FGSM,0.1,0.7192982456140351,2,results/chest_xray_pneumonia/resnet101/robustness/seed43/robustness_attacks_fine_max1024.json;results/chest_xray_pneumonia/resnet101/robustness/seed43/robustness_attacks_fine_max1024.json
chest_xray_pneumonia,Chest X-ray,resnet101,ResNet-101,seed43,FGSM,0.15,0.723196881091618,1,results/chest_xray_pneumonia/resnet101/robustness/seed43/robustness_attacks_fine_max1024.json
chest_xray_pneumonia,Chest X-ray,resnet101,ResNet-101,seed43,FGSM,0.2,0.7309941520467836,1,results/chest_xray_pneumonia/resnet101/robustness/seed43/robustness_attacks_fine_max1024.json
chest_xray_pneumonia,Chest X-ray,resnet101,ResNet-101,seed43,FGSM,0.25,0.723196881091618,1,results/chest_xray_pneumonia/resnet101/robustness/seed43/robustness_attacks_fine_max1024.json
chest_xray_pneumonia,Chest X-ray,resnet101,ResNet-101,seed43,FGSM,0.5,0.7446393762183235,1,results/chest_xray_pneumonia/resnet101/robustness/seed43/robustness_attacks_fine_max1024.json
chest_xray_pneumonia,Chest X-ray,resnet101,ResNet-101,seed43,FGSM,1.0,0.7758284600389863,2,results/chest_xray_pneumonia/resnet101/robustness/seed43/robustness_attacks_fine_max1024.json;results/chest_xray_pneumonia/resnet101/robustness/seed43/robustness_attacks_main_max1024.json
chest_xray_pneumonia,Chest X-ray,resnet101,ResNet-101,seed43,PGD,0.1,0.01949317738791423,2,results/chest_xray_pneumonia/resnet101/robustness/seed43/robustness_attacks_fine_max1024.json;results/chest_xray_pneumonia/resnet101/robustness/seed43/robustness_attacks_fine_max1024.json
chest_xray_pneumonia,Chest X-ray,resnet101,ResNet-101,seed43,PGD,0.15,0.009746588693957114,1,results/chest_xray_pneumonia/resnet101/robustness/seed43/robustness_attacks_fine_max1024.json
chest_xray_pneumonia,Chest X-ray,resnet101,ResNet-101,seed43,PGD,0.2,0.001949317738791423,1,results/chest_xray_pneumonia/resnet101/robustness/seed43/robustness_attacks_fine_max1024.json
chest_xray_pneumonia,Chest X-ray,resnet101,ResNet-101,seed43,PGD,0.25,0.0,1,results/chest_xray_pneumonia/resnet101/robustness/seed43/robustness_attacks_fine_max1024.json
chest_xray_pneumonia,Chest X-ray,resnet101,ResNet-101,seed43,PGD,0.5,0.0,1,results/chest_xray_pneumonia/resnet101/robustness/seed43/robustness_attacks_fine_max1024.json
chest_xray_pneumonia,Chest X-ray,resnet101,ResNet-101,seed43,PGD,1.0,0.0,2,results/chest_xray_pneumonia/resnet101/robustness/seed43/robustness_attacks_fine_max1024.json;results/chest_xray_pneumonia/resnet101/robustness/seed43/robustness_attacks_main_max1024.json
chest_xray_pneumonia,Chest X-ray,resnet101,ResNet-101,seed43,FGSM,2.0,0.8011695906432749,1,results/chest_xray_pneumonia/resnet101/robustness/seed43/robustness_attacks_main_max1024.json
chest_xray_pneumonia,Chest X-ray,resnet101,ResNet-101,seed43,FGSM,4.0,0.7797270955165692,1,results/chest_xray_pneumonia/resnet101/robustness/seed43/robustness_attacks_main_max1024.json
chest_xray_pneumonia,Chest X-ray,resnet101,ResNet-101,seed43,FGSM,8.0,0.7563352826510721,1,results/chest_xray_pneumonia/resnet101/robustness/seed43/robustness_attacks_main_max1024.json
chest_xray_pneumonia,Chest X-ray,resnet101,ResNet-101,seed43,FGSM,16.0,0.7543859649122807,1,results/chest_xray_pneumonia/resnet101/robustness/seed43/robustness_attacks_main_max1024.json
chest_xray_pneumonia,Chest X-ray,resnet101,ResNet-101,seed43,PGD,2.0,0.0,1,results/chest_xray_pneumonia/resnet101/robustness/seed43/robustness_attacks_main_max1024.json
chest_xray_pneumonia,Chest X-ray,resnet101,ResNet-101,seed43,PGD,4.0,0.0,1,results/chest_xray_pneumonia/resnet101/robustness/seed43/robustness_attacks_main_max1024.json
chest_xray_pneumonia,Chest X-ray,resnet101,ResNet-101,seed43,PGD,8.0,0.0,1,results/chest_xray_pneumonia/resnet101/robustness/seed43/robustness_attacks_main_max1024.json
chest_xray_pneumonia,Chest X-ray,resnet101,ResNet-101,seed43,PGD,16.0,0.021442495126705652,1,results/chest_xray_pneumonia/resnet101/robustness/seed43/robustness_attacks_main_max1024.json
chest_xray_pneumonia,Chest X-ray,resnet101,ResNet-101,seed44,FGSM,0.1,0.7215686274509804,2,results/chest_xray_pneumonia/resnet101/robustness/seed44/robustness_attacks_fine_max1024.json;results/chest_xray_pneumonia/resnet101/robustness/seed44/robustness_attacks_fine_max1024.json
chest_xray_pneumonia,Chest X-ray,resnet101,ResNet-101,seed44,FGSM,0.15,0.6941176470588235,1,results/chest_xray_pneumonia/resnet101/robustness/seed44/robustness_attacks_fine_max1024.json
chest_xray_pneumonia,Chest X-ray,resnet101,ResNet-101,seed44,FGSM,0.2,0.6843137254901961,1,results/chest_xray_pneumonia/resnet101/robustness/seed44/robustness_attacks_fine_max1024.json
chest_xray_pneumonia,Chest X-ray,resnet101,ResNet-101,seed44,FGSM,0.25,0.6764705882352942,1,results/chest_xray_pneumonia/resnet101/robustness/seed44/robustness_attacks_fine_max1024.json
chest_xray_pneumonia,Chest X-ray,resnet101,ResNet-101,seed44,FGSM,0.5,0.6784313725490196,1,results/chest_xray_pneumonia/resnet101/robustness/seed44/robustness_attacks_fine_max1024.json
chest_xray_pneumonia,Chest X-ray,resnet101,ResNet-101,seed44,FGSM,1.0,0.7098039215686275,2,results/chest_xray_pneumonia/resnet101/robustness/seed44/robustness_attacks_fine_max1024.json;results/chest_xray_pneumonia/resnet101/robustness/seed44/robustness_attacks_main_max1024.json
chest_xray_pneumonia,Chest X-ray,resnet101,ResNet-101,seed44,PGD,0.1,0.06862745098039216,2,results/chest_xray_pneumonia/resnet101/robustness/seed44/robustness_attacks_fine_max1024.json;results/chest_xray_pneumonia/resnet101/robustness/seed44/robustness_attacks_fine_max1024.json
chest_xray_pneumonia,Chest X-ray,resnet101,ResNet-101,seed44,PGD,0.15,0.025490196078431372,1,results/chest_xray_pneumonia/resnet101/robustness/seed44/robustness_attacks_fine_max1024.json
chest_xray_pneumonia,Chest X-ray,resnet101,ResNet-101,seed44,PGD,0.2,0.0058823529411764705,1,results/chest_xray_pneumonia/resnet101/robustness/seed44/robustness_attacks_fine_max1024.json
chest_xray_pneumonia,Chest X-ray,resnet101,ResNet-101,seed44,PGD,0.25,0.00392156862745098,1,results/chest_xray_pneumonia/resnet101/robustness/seed44/robustness_attacks_fine_max1024.json
chest_xray_pneumonia,Chest X-ray,resnet101,ResNet-101,seed44,PGD,0.5,0.00196078431372549,1,results/chest_xray_pneumonia/resnet101/robustness/seed44/robustness_attacks_fine_max1024.json
chest_xray_pneumonia,Chest X-ray,resnet101,ResNet-101,seed44,PGD,1.0,0.0,2,results/chest_xray_pneumonia/resnet101/robustness/seed44/robustness_attacks_fine_max1024.json;results/chest_xray_pneumonia/resnet101/robustness/seed44/robustness_attacks_main_max1024.json
chest_xray_pneumonia,Chest X-ray,resnet101,ResNet-101,seed44,FGSM,2.0,0.7666666666666667,1,results/chest_xray_pneumonia/resnet101/robustness/seed44/robustness_attacks_main_max1024.json
chest_xray_pneumonia,Chest X-ray,resnet101,ResNet-101,seed44,FGSM,4.0,0.7607843137254902,1,results/chest_xray_pneumonia/resnet101/robustness/seed44/robustness_attacks_main_max1024.json
chest_xray_pneumonia,Chest X-ray,resnet101,ResNet-101,seed44,FGSM,8.0,0.7607843137254902,1,results/chest_xray_pneumonia/resnet101/robustness/seed44/robustness_attacks_main_max1024.json
chest_xray_pneumonia,Chest X-ray,resnet101,ResNet-101,seed44,FGSM,16.0,0.7607843137254902,1,results/chest_xray_pneumonia/resnet101/robustness/seed44/robustness_attacks_main_max1024.json
chest_xray_pneumonia,Chest X-ray,resnet101,ResNet-101,seed44,PGD,2.0,0.0,1,results/chest_xray_pneumonia/resnet101/robustness/seed44/robustness_attacks_main_max1024.json
chest_xray_pneumonia,Chest X-ray,resnet101,ResNet-101,seed44,PGD,4.0,0.0,1,results/chest_xray_pneumonia/resnet101/robustness/seed44/robustness_attacks_main_max1024.json
chest_xray_pneumonia,Chest X-ray,resnet101,ResNet-101,seed44,PGD,8.0,0.00196078431372549,1,results/chest_xray_pneumonia/resnet101/robustness/seed44/robustness_attacks_main_max1024.json
chest_xray_pneumonia,Chest X-ray,resnet101,ResNet-101,seed44,PGD,16.0,0.08431372549019608,1,results/chest_xray_pneumonia/resnet101/robustness/seed44/robustness_attacks_main_max1024.json
chest_xray_pneumonia,Chest X-ray,resnet152,ResNet-152,seed42,FGSM,0.1,0.7422480620155039,2,results/chest_xray_pneumonia/resnet152/robustness/seed42/robustness_attacks_fine_max1024.json;results/chest_xray_pneumonia/resnet152/robustness/seed42/robustness_attacks_fine_max1024.json
chest_xray_pneumonia,Chest X-ray,resnet152,ResNet-152,seed42,FGSM,0.15,0.6996124031007752,1,results/chest_xray_pneumonia/resnet152/robustness/seed42/robustness_attacks_fine_max1024.json
chest_xray_pneumonia,Chest X-ray,resnet152,ResNet-152,seed42,FGSM,0.2,0.6821705426356589,1,results/chest_xray_pneumonia/resnet152/robustness/seed42/robustness_attacks_fine_max1024.json
chest_xray_pneumonia,Chest X-ray,resnet152,ResNet-152,seed42,FGSM,0.25,0.6763565891472868,1,results/chest_xray_pneumonia/resnet152/robustness/seed42/robustness_attacks_fine_max1024.json
chest_xray_pneumonia,Chest X-ray,resnet152,ResNet-152,seed42,FGSM,0.5,0.6802325581395349,1,results/chest_xray_pneumonia/resnet152/robustness/seed42/robustness_attacks_fine_max1024.json
chest_xray_pneumonia,Chest X-ray,resnet152,ResNet-152,seed42,FGSM,1.0,0.687984496124031,2,results/chest_xray_pneumonia/resnet152/robustness/seed42/robustness_attacks_fine_max1024.json;results/chest_xray_pneumonia/resnet152/robustness/seed42/robustness_attacks_main_max1024.json
chest_xray_pneumonia,Chest X-ray,resnet152,ResNet-152,seed42,PGD,0.1,0.312015503875969,2,results/chest_xray_pneumonia/resnet152/robustness/seed42/robustness_attacks_fine_max1024.json;results/chest_xray_pneumonia/resnet152/robustness/seed42/robustness_attacks_fine_max1024.json
chest_xray_pneumonia,Chest X-ray,resnet152,ResNet-152,seed42,PGD,0.15,0.11434108527131782,1,results/chest_xray_pneumonia/resnet152/robustness/seed42/robustness_attacks_fine_max1024.json
chest_xray_pneumonia,Chest X-ray,resnet152,ResNet-152,seed42,PGD,0.2,0.03488372093023256,1,results/chest_xray_pneumonia/resnet152/robustness/seed42/robustness_attacks_fine_max1024.json
chest_xray_pneumonia,Chest X-ray,resnet152,ResNet-152,seed42,PGD,0.25,0.015503875968992248,1,results/chest_xray_pneumonia/resnet152/robustness/seed42/robustness_attacks_fine_max1024.json
chest_xray_pneumonia,Chest X-ray,resnet152,ResNet-152,seed42,PGD,0.5,0.0,1,results/chest_xray_pneumonia/resnet152/robustness/seed42/robustness_attacks_fine_max1024.json
chest_xray_pneumonia,Chest X-ray,resnet152,ResNet-152,seed42,PGD,1.0,0.0,2,results/chest_xray_pneumonia/resnet152/robustness/seed42/robustness_attacks_fine_max1024.json;results/chest_xray_pneumonia/resnet152/robustness/seed42/robustness_attacks_main_max1024.json
chest_xray_pneumonia,Chest X-ray,resnet152,ResNet-152,seed42,FGSM,2.0,0.7306201550387597,1,results/chest_xray_pneumonia/resnet152/robustness/seed42/robustness_attacks_main_max1024.json
chest_xray_pneumonia,Chest X-ray,resnet152,ResNet-152,seed42,FGSM,4.0,0.7558139534883721,1,results/chest_xray_pneumonia/resnet152/robustness/seed42/robustness_attacks_main_max1024.json
chest_xray_pneumonia,Chest X-ray,resnet152,ResNet-152,seed42,FGSM,8.0,0.7538759689922481,1,results/chest_xray_pneumonia/resnet152/robustness/seed42/robustness_attacks_main_max1024.json
chest_xray_pneumonia,Chest X-ray,resnet152,ResNet-152,seed42,FGSM,16.0,0.7538759689922481,1,results/chest_xray_pneumonia/resnet152/robustness/seed42/robustness_attacks_main_max1024.json
chest_xray_pneumonia,Chest X-ray,resnet152,ResNet-152,seed42,PGD,2.0,0.0,1,results/chest_xray_pneumonia/resnet152/robustness/seed42/robustness_attacks_main_max1024.json
chest_xray_pneumonia,Chest X-ray,resnet152,ResNet-152,seed42,PGD,4.0,0.0,1,results/chest_xray_pneumonia/resnet152/robustness/seed42/robustness_attacks_main_max1024.json
chest_xray_pneumonia,Chest X-ray,resnet152,ResNet-152,seed42,PGD,8.0,0.0,1,results/chest_xray_pneumonia/resnet152/robustness/seed42/robustness_attacks_main_max1024.json
chest_xray_pneumonia,Chest X-ray,resnet152,ResNet-152,seed42,PGD,16.0,0.0,1,results/chest_xray_pneumonia/resnet152/robustness/seed42/robustness_attacks_main_max1024.json
chest_xray_pneumonia,Chest X-ray,resnet152,ResNet-152,seed43,FGSM,0.1,0.7175141242937854,2,results/chest_xray_pneumonia/resnet152/robustness/seed43/robustness_attacks_fine_max1024.json;results/chest_xray_pneumonia/resnet152/robustness/seed43/robustness_attacks_fine_max1024.json
chest_xray_pneumonia,Chest X-ray,resnet152,ResNet-152,seed43,FGSM,0.15,0.704331450094162,1,results/chest_xray_pneumonia/resnet152/robustness/seed43/robustness_attacks_fine_max1024.json
chest_xray_pneumonia,Chest X-ray,resnet152,ResNet-152,seed43,FGSM,0.2,0.6949152542372882,1,results/chest_xray_pneumonia/resnet152/robustness/seed43/robustness_attacks_fine_max1024.json
chest_xray_pneumonia,Chest X-ray,resnet152,ResNet-152,seed43,FGSM,0.25,0.6836158192090396,1,results/chest_xray_pneumonia/resnet152/robustness/seed43/robustness_attacks_fine_max1024.json
chest_xray_pneumonia,Chest X-ray,resnet152,ResNet-152,seed43,FGSM,0.5,0.6685499058380414,1,results/chest_xray_pneumonia/resnet152/robustness/seed43/robustness_attacks_fine_max1024.json
chest_xray_pneumonia,Chest X-ray,resnet152,ResNet-152,seed43,FGSM,1.0,0.6610169491525424,2,results/chest_xray_pneumonia/resnet152/robustness/seed43/robustness_attacks_fine_max1024.json;results/chest_xray_pneumonia/resnet152/robustness/seed43/robustness_attacks_main_max1024.json
chest_xray_pneumonia,Chest X-ray,resnet152,ResNet-152,seed43,PGD,0.1,0.3220338983050847,2,results/chest_xray_pneumonia/resnet152/robustness/seed43/robustness_attacks_fine_max1024.json;results/chest_xray_pneumonia/resnet152/robustness/seed43/robustness_attacks_fine_max1024.json
chest_xray_pneumonia,Chest X-ray,resnet152,ResNet-152,seed43,PGD,0.15,0.16760828625235405,1,results/chest_xray_pneumonia/resnet152/robustness/seed43/robustness_attacks_fine_max1024.json
chest_xray_pneumonia,Chest X-ray,resnet152,ResNet-152,seed43,PGD,0.2,0.08097928436911488,1,results/chest_xray_pneumonia/resnet152/robustness/seed43/robustness_attacks_fine_max1024.json
chest_xray_pneumonia,Chest X-ray,resnet152,ResNet-152,seed43,PGD,0.25,0.04519774011299435,1,results/chest_xray_pneumonia/resnet152/robustness/seed43/robustness_attacks_fine_max1024.json
chest_xray_pneumonia,Chest X-ray,resnet152,ResNet-152,seed43,PGD,0.5,0.005649717514124294,1,results/chest_xray_pneumonia/resnet152/robustness/seed43/robustness_attacks_fine_max1024.json
chest_xray_pneumonia,Chest X-ray,resnet152,ResNet-152,seed43,PGD,1.0,0.0,2,results/chest_xray_pneumonia/resnet152/robustness/seed43/robustness_attacks_fine_max1024.json;results/chest_xray_pneumonia/resnet152/robustness/seed43/robustness_attacks_main_max1024.json
chest_xray_pneumonia,Chest X-ray,resnet152,ResNet-152,seed43,FGSM,2.0,0.6817325800376648,1,results/chest_xray_pneumonia/resnet152/robustness/seed43/robustness_attacks_main_max1024.json
chest_xray_pneumonia,Chest X-ray,resnet152,ResNet-152,seed43,FGSM,4.0,0.711864406779661,1,results/chest_xray_pneumonia/resnet152/robustness/seed43/robustness_attacks_main_max1024.json
chest_xray_pneumonia,Chest X-ray,resnet152,ResNet-152,seed43,FGSM,8.0,0.736346516007533,1,results/chest_xray_pneumonia/resnet152/robustness/seed43/robustness_attacks_main_max1024.json
chest_xray_pneumonia,Chest X-ray,resnet152,ResNet-152,seed43,FGSM,16.0,0.7269303201506592,1,results/chest_xray_pneumonia/resnet152/robustness/seed43/robustness_attacks_main_max1024.json
chest_xray_pneumonia,Chest X-ray,resnet152,ResNet-152,seed43,PGD,2.0,0.0,1,results/chest_xray_pneumonia/resnet152/robustness/seed43/robustness_attacks_main_max1024.json
chest_xray_pneumonia,Chest X-ray,resnet152,ResNet-152,seed43,PGD,4.0,0.0,1,results/chest_xray_pneumonia/resnet152/robustness/seed43/robustness_attacks_main_max1024.json
chest_xray_pneumonia,Chest X-ray,resnet152,ResNet-152,seed43,PGD,8.0,0.0,1,results/chest_xray_pneumonia/resnet152/robustness/seed43/robustness_attacks_main_max1024.json
chest_xray_pneumonia,Chest X-ray,resnet152,ResNet-152,seed43,PGD,16.0,0.0018832391713747645,1,results/chest_xray_pneumonia/resnet152/robustness/seed43/robustness_attacks_main_max1024.json
chest_xray_pneumonia,Chest X-ray,resnet152,ResNet-152,seed44,FGSM,0.1,0.7652671755725191,2,results/chest_xray_pneumonia/resnet152/robustness/seed44/robustness_attacks_fine_max1024.json;results/chest_xray_pneumonia/resnet152/robustness/seed44/robustness_attacks_fine_max1024.json
chest_xray_pneumonia,Chest X-ray,resnet152,ResNet-152,seed44,FGSM,0.15,0.7347328244274809,1,results/chest_xray_pneumonia/resnet152/robustness/seed44/robustness_attacks_fine_max1024.json
chest_xray_pneumonia,Chest X-ray,resnet152,ResNet-152,seed44,FGSM,0.2,0.7194656488549618,1,results/chest_xray_pneumonia/resnet152/robustness/seed44/robustness_attacks_fine_max1024.json
chest_xray_pneumonia,Chest X-ray,resnet152,ResNet-152,seed44,FGSM,0.25,0.7099236641221374,1,results/chest_xray_pneumonia/resnet152/robustness/seed44/robustness_attacks_fine_max1024.json
chest_xray_pneumonia,Chest X-ray,resnet152,ResNet-152,seed44,FGSM,0.5,0.7022900763358778,1,results/chest_xray_pneumonia/resnet152/robustness/seed44/robustness_attacks_fine_max1024.json
chest_xray_pneumonia,Chest X-ray,resnet152,ResNet-152,seed44,FGSM,1.0,0.6965648854961832,2,results/chest_xray_pneumonia/resnet152/robustness/seed44/robustness_attacks_fine_max1024.json;results/chest_xray_pneumonia/resnet152/robustness/seed44/robustness_attacks_main_max1024.json
chest_xray_pneumonia,Chest X-ray,resnet152,ResNet-152,seed44,PGD,0.1,0.4961832061068702,2,results/chest_xray_pneumonia/resnet152/robustness/seed44/robustness_attacks_fine_max1024.json;results/chest_xray_pneumonia/resnet152/robustness/seed44/robustness_attacks_fine_max1024.json
chest_xray_pneumonia,Chest X-ray,resnet152,ResNet-152,seed44,PGD,0.15,0.3950381679389313,1,results/chest_xray_pneumonia/resnet152/robustness/seed44/robustness_attacks_fine_max1024.json
chest_xray_pneumonia,Chest X-ray,resnet152,ResNet-152,seed44,PGD,0.2,0.3053435114503817,1,results/chest_xray_pneumonia/resnet152/robustness/seed44/robustness_attacks_fine_max1024.json
chest_xray_pneumonia,Chest X-ray,resnet152,ResNet-152,seed44,PGD,0.25,0.22137404580152673,1,results/chest_xray_pneumonia/resnet152/robustness/seed44/robustness_attacks_fine_max1024.json
chest_xray_pneumonia,Chest X-ray,resnet152,ResNet-152,seed44,PGD,0.5,0.07633587786259542,1,results/chest_xray_pneumonia/resnet152/robustness/seed44/robustness_attacks_fine_max1024.json
chest_xray_pneumonia,Chest X-ray,resnet152,ResNet-152,seed44,PGD,1.0,0.011450381679389313,2,results/chest_xray_pneumonia/resnet152/robustness/seed44/robustness_attacks_fine_max1024.json;results/chest_xray_pneumonia/resnet152/robustness/seed44/robustness_attacks_main_max1024.json
chest_xray_pneumonia,Chest X-ray,resnet152,ResNet-152,seed44,FGSM,2.0,0.6927480916030534,1,results/chest_xray_pneumonia/resnet152/robustness/seed44/robustness_attacks_main_max1024.json
chest_xray_pneumonia,Chest X-ray,resnet152,ResNet-152,seed44,FGSM,4.0,0.7175572519083969,1,results/chest_xray_pneumonia/resnet152/robustness/seed44/robustness_attacks_main_max1024.json
chest_xray_pneumonia,Chest X-ray,resnet152,ResNet-152,seed44,FGSM,8.0,0.7423664122137404,1,results/chest_xray_pneumonia/resnet152/robustness/seed44/robustness_attacks_main_max1024.json
chest_xray_pneumonia,Chest X-ray,resnet152,ResNet-152,seed44,FGSM,16.0,0.7423664122137404,1,results/chest_xray_pneumonia/resnet152/robustness/seed44/robustness_attacks_main_max1024.json
chest_xray_pneumonia,Chest X-ray,resnet152,ResNet-152,seed44,PGD,2.0,0.0,1,results/chest_xray_pneumonia/resnet152/robustness/seed44/robustness_attacks_main_max1024.json
chest_xray_pneumonia,Chest X-ray,resnet152,ResNet-152,seed44,PGD,4.0,0.0,1,results/chest_xray_pneumonia/resnet152/robustness/seed44/robustness_attacks_main_max1024.json
chest_xray_pneumonia,Chest X-ray,resnet152,ResNet-152,seed44,PGD,8.0,0.0,1,results/chest_xray_pneumonia/resnet152/robustness/seed44/robustness_attacks_main_max1024.json
chest_xray_pneumonia,Chest X-ray,resnet152,ResNet-152,seed44,PGD,16.0,0.07061068702290077,1,results/chest_xray_pneumonia/resnet152/robustness/seed44/robustness_attacks_main_max1024.json
chest_xray_pneumonia,Chest X-ray,deit_small,DeiT-S,seed42,FGSM,0.1,0.9590316573556797,2,results/chest_xray_pneumonia/deit_small/robustness/seed42/robustness_attacks_fine_max1024.json;results/chest_xray_pneumonia/deit_small/robustness/seed42/robustness_attacks_fine_max1024.json
chest_xray_pneumonia,Chest X-ray,deit_small,DeiT-S,seed42,FGSM,0.15,0.931098696461825,1,results/chest_xray_pneumonia/deit_small/robustness/seed42/robustness_attacks_fine_max1024.json
chest_xray_pneumonia,Chest X-ray,deit_small,DeiT-S,seed42,FGSM,0.2,0.9087523277467412,1,results/chest_xray_pneumonia/deit_small/robustness/seed42/robustness_attacks_fine_max1024.json
chest_xray_pneumonia,Chest X-ray,deit_small,DeiT-S,seed42,FGSM,0.25,0.8770949720670391,1,results/chest_xray_pneumonia/deit_small/robustness/seed42/robustness_attacks_fine_max1024.json
chest_xray_pneumonia,Chest X-ray,deit_small,DeiT-S,seed42,FGSM,0.5,0.7299813780260708,1,results/chest_xray_pneumonia/deit_small/robustness/seed42/robustness_attacks_fine_max1024.json
chest_xray_pneumonia,Chest X-ray,deit_small,DeiT-S,seed42,FGSM,1.0,0.4860335195530726,2,results/chest_xray_pneumonia/deit_small/robustness/seed42/robustness_attacks_fine_max1024.json;results/chest_xray_pneumonia/deit_small/robustness/seed42/robustness_attacks_main_max1024.json
chest_xray_pneumonia,Chest X-ray,deit_small,DeiT-S,seed42,PGD,0.1,0.9590316573556797,2,results/chest_xray_pneumonia/deit_small/robustness/seed42/robustness_attacks_fine_max1024.json;results/chest_xray_pneumonia/deit_small/robustness/seed42/robustness_attacks_fine_max1024.json
chest_xray_pneumonia,Chest X-ray,deit_small,DeiT-S,seed42,PGD,0.15,0.931098696461825,1,results/chest_xray_pneumonia/deit_small/robustness/seed42/robustness_attacks_fine_max1024.json
chest_xray_pneumonia,Chest X-ray,deit_small,DeiT-S,seed42,PGD,0.2,0.9013035381750466,1,results/chest_xray_pneumonia/deit_small/robustness/seed42/robustness_attacks_fine_max1024.json
chest_xray_pneumonia,Chest X-ray,deit_small,DeiT-S,seed42,PGD,0.25,0.8696461824953445,1,results/chest_xray_pneumonia/deit_small/robustness/seed42/robustness_attacks_fine_max1024.json
chest_xray_pneumonia,Chest X-ray,deit_small,DeiT-S,seed42,PGD,0.5,0.659217877094972,1,results/chest_xray_pneumonia/deit_small/robustness/seed42/robustness_attacks_fine_max1024.json
chest_xray_pneumonia,Chest X-ray,deit_small,DeiT-S,seed42,PGD,1.0,0.18435754189944134,2,results/chest_xray_pneumonia/deit_small/robustness/seed42/robustness_attacks_fine_max1024.json;results/chest_xray_pneumonia/deit_small/robustness/seed42/robustness_attacks_main_max1024.json
chest_xray_pneumonia,Chest X-ray,deit_small,DeiT-S,seed42,FGSM,2.0,0.25884543761638734,1,results/chest_xray_pneumonia/deit_small/robustness/seed42/robustness_attacks_main_max1024.json
chest_xray_pneumonia,Chest X-ray,deit_small,DeiT-S,seed42,FGSM,4.0,0.1527001862197393,1,results/chest_xray_pneumonia/deit_small/robustness/seed42/robustness_attacks_main_max1024.json
chest_xray_pneumonia,Chest X-ray,deit_small,DeiT-S,seed42,FGSM,8.0,0.1154562383612663,1,results/chest_xray_pneumonia/deit_small/robustness/seed42/robustness_attacks_main_max1024.json
chest_xray_pneumonia,Chest X-ray,deit_small,DeiT-S,seed42,FGSM,16.0,0.10614525139664804,1,results/chest_xray_pneumonia/deit_small/robustness/seed42/robustness_attacks_main_max1024.json
chest_xray_pneumonia,Chest X-ray,deit_small,DeiT-S,seed42,PGD,2.0,0.0074487895716946,1,results/chest_xray_pneumonia/deit_small/robustness/seed42/robustness_attacks_main_max1024.json
chest_xray_pneumonia,Chest X-ray,deit_small,DeiT-S,seed42,PGD,4.0,0.0,1,results/chest_xray_pneumonia/deit_small/robustness/seed42/robustness_attacks_main_max1024.json
chest_xray_pneumonia,Chest X-ray,deit_small,DeiT-S,seed42,PGD,8.0,0.0,1,results/chest_xray_pneumonia/deit_small/robustness/seed42/robustness_attacks_main_max1024.json
chest_xray_pneumonia,Chest X-ray,deit_small,DeiT-S,seed42,PGD,16.0,0.0,1,results/chest_xray_pneumonia/deit_small/robustness/seed42/robustness_attacks_main_max1024.json
chest_xray_pneumonia,Chest X-ray,deit_small,DeiT-S,seed43,FGSM,0.1,0.9731663685152058,2,results/chest_xray_pneumonia/deit_small/robustness/seed43/robustness_attacks_fine_max1024.json;results/chest_xray_pneumonia/deit_small/robustness/seed43/robustness_attacks_fine_max1024.json
chest_xray_pneumonia,Chest X-ray,deit_small,DeiT-S,seed43,FGSM,0.15,0.9516994633273703,1,results/chest_xray_pneumonia/deit_small/robustness/seed43/robustness_attacks_fine_max1024.json
chest_xray_pneumonia,Chest X-ray,deit_small,DeiT-S,seed43,FGSM,0.2,0.9230769230769231,1,results/chest_xray_pneumonia/deit_small/robustness/seed43/robustness_attacks_fine_max1024.json
chest_xray_pneumonia,Chest X-ray,deit_small,DeiT-S,seed43,FGSM,0.25,0.8908765652951699,1,results/chest_xray_pneumonia/deit_small/robustness/seed43/robustness_attacks_fine_max1024.json
chest_xray_pneumonia,Chest X-ray,deit_small,DeiT-S,seed43,FGSM,0.5,0.7298747763864043,1,results/chest_xray_pneumonia/deit_small/robustness/seed43/robustness_attacks_fine_max1024.json
chest_xray_pneumonia,Chest X-ray,deit_small,DeiT-S,seed43,FGSM,1.0,0.5295169946332737,2,results/chest_xray_pneumonia/deit_small/robustness/seed43/robustness_attacks_fine_max1024.json;results/chest_xray_pneumonia/deit_small/robustness/seed43/robustness_attacks_main_max1024.json
chest_xray_pneumonia,Chest X-ray,deit_small,DeiT-S,seed43,PGD,0.1,0.9731663685152058,2,results/chest_xray_pneumonia/deit_small/robustness/seed43/robustness_attacks_fine_max1024.json;results/chest_xray_pneumonia/deit_small/robustness/seed43/robustness_attacks_fine_max1024.json
chest_xray_pneumonia,Chest X-ray,deit_small,DeiT-S,seed43,PGD,0.15,0.9445438282647585,1,results/chest_xray_pneumonia/deit_small/robustness/seed43/robustness_attacks_fine_max1024.json
chest_xray_pneumonia,Chest X-ray,deit_small,DeiT-S,seed43,PGD,0.2,0.9141323792486583,1,results/chest_xray_pneumonia/deit_small/robustness/seed43/robustness_attacks_fine_max1024.json
chest_xray_pneumonia,Chest X-ray,deit_small,DeiT-S,seed43,PGD,0.25,0.8855098389982111,1,results/chest_xray_pneumonia/deit_small/robustness/seed43/robustness_attacks_fine_max1024.json
chest_xray_pneumonia,Chest X-ray,deit_small,DeiT-S,seed43,PGD,0.5,0.6869409660107334,1,results/chest_xray_pneumonia/deit_small/robustness/seed43/robustness_attacks_fine_max1024.json
chest_xray_pneumonia,Chest X-ray,deit_small,DeiT-S,seed43,PGD,1.0,0.26654740608228983,2,results/chest_xray_pneumonia/deit_small/robustness/seed43/robustness_attacks_fine_max1024.json;results/chest_xray_pneumonia/deit_small/robustness/seed43/robustness_attacks_main_max1024.json
chest_xray_pneumonia,Chest X-ray,deit_small,DeiT-S,seed43,FGSM,2.0,0.2737030411449016,1,results/chest_xray_pneumonia/deit_small/robustness/seed43/robustness_attacks_main_max1024.json
chest_xray_pneumonia,Chest X-ray,deit_small,DeiT-S,seed43,FGSM,4.0,0.14311270125223613,1,results/chest_xray_pneumonia/deit_small/robustness/seed43/robustness_attacks_main_max1024.json
chest_xray_pneumonia,Chest X-ray,deit_small,DeiT-S,seed43,FGSM,8.0,0.09123434704830054,1,results/chest_xray_pneumonia/deit_small/robustness/seed43/robustness_attacks_main_max1024.json
chest_xray_pneumonia,Chest X-ray,deit_small,DeiT-S,seed43,FGSM,16.0,0.06797853309481217,1,results/chest_xray_pneumonia/deit_small/robustness/seed43/robustness_attacks_main_max1024.json
chest_xray_pneumonia,Chest X-ray,deit_small,DeiT-S,seed43,PGD,2.0,0.005366726296958855,1,results/chest_xray_pneumonia/deit_small/robustness/seed43/robustness_attacks_main_max1024.json
chest_xray_pneumonia,Chest X-ray,deit_small,DeiT-S,seed43,PGD,4.0,0.0,1,results/chest_xray_pneumonia/deit_small/robustness/seed43/robustness_attacks_main_max1024.json
chest_xray_pneumonia,Chest X-ray,deit_small,DeiT-S,seed43,PGD,8.0,0.0,1,results/chest_xray_pneumonia/deit_small/robustness/seed43/robustness_attacks_main_max1024.json
chest_xray_pneumonia,Chest X-ray,deit_small,DeiT-S,seed43,PGD,16.0,0.0,1,results/chest_xray_pneumonia/deit_small/robustness/seed43/robustness_attacks_main_max1024.json
chest_xray_pneumonia,Chest X-ray,deit_small,DeiT-S,seed44,FGSM,0.1,0.9588014981273408,2,results/chest_xray_pneumonia/deit_small/robustness/seed44/robustness_attacks_fine_max1024.json;results/chest_xray_pneumonia/deit_small/robustness/seed44/robustness_attacks_fine_max1024.json
chest_xray_pneumonia,Chest X-ray,deit_small,DeiT-S,seed44,FGSM,0.15,0.947565543071161,1,results/chest_xray_pneumonia/deit_small/robustness/seed44/robustness_attacks_fine_max1024.json
chest_xray_pneumonia,Chest X-ray,deit_small,DeiT-S,seed44,FGSM,0.2,0.9232209737827716,1,results/chest_xray_pneumonia/deit_small/robustness/seed44/robustness_attacks_fine_max1024.json
chest_xray_pneumonia,Chest X-ray,deit_small,DeiT-S,seed44,FGSM,0.25,0.898876404494382,1,results/chest_xray_pneumonia/deit_small/robustness/seed44/robustness_attacks_fine_max1024.json
chest_xray_pneumonia,Chest X-ray,deit_small,DeiT-S,seed44,FGSM,0.5,0.7640449438202247,1,results/chest_xray_pneumonia/deit_small/robustness/seed44/robustness_attacks_fine_max1024.json
chest_xray_pneumonia,Chest X-ray,deit_small,DeiT-S,seed44,FGSM,1.0,0.5337078651685393,2,results/chest_xray_pneumonia/deit_small/robustness/seed44/robustness_attacks_fine_max1024.json;results/chest_xray_pneumonia/deit_small/robustness/seed44/robustness_attacks_main_max1024.json
chest_xray_pneumonia,Chest X-ray,deit_small,DeiT-S,seed44,PGD,0.1,0.9588014981273408,2,results/chest_xray_pneumonia/deit_small/robustness/seed44/robustness_attacks_fine_max1024.json;results/chest_xray_pneumonia/deit_small/robustness/seed44/robustness_attacks_fine_max1024.json
chest_xray_pneumonia,Chest X-ray,deit_small,DeiT-S,seed44,PGD,0.15,0.947565543071161,1,results/chest_xray_pneumonia/deit_small/robustness/seed44/robustness_attacks_fine_max1024.json
chest_xray_pneumonia,Chest X-ray,deit_small,DeiT-S,seed44,PGD,0.2,0.9213483146067416,1,results/chest_xray_pneumonia/deit_small/robustness/seed44/robustness_attacks_fine_max1024.json
chest_xray_pneumonia,Chest X-ray,deit_small,DeiT-S,seed44,PGD,0.25,0.898876404494382,1,results/chest_xray_pneumonia/deit_small/robustness/seed44/robustness_attacks_fine_max1024.json
chest_xray_pneumonia,Chest X-ray,deit_small,DeiT-S,seed44,PGD,0.5,0.7434456928838952,1,results/chest_xray_pneumonia/deit_small/robustness/seed44/robustness_attacks_fine_max1024.json
chest_xray_pneumonia,Chest X-ray,deit_small,DeiT-S,seed44,PGD,1.0,0.3838951310861423,2,results/chest_xray_pneumonia/deit_small/robustness/seed44/robustness_attacks_fine_max1024.json;results/chest_xray_pneumonia/deit_small/robustness/seed44/robustness_attacks_main_max1024.json
chest_xray_pneumonia,Chest X-ray,deit_small,DeiT-S,seed44,FGSM,2.0,0.27902621722846443,1,results/chest_xray_pneumonia/deit_small/robustness/seed44/robustness_attacks_main_max1024.json
chest_xray_pneumonia,Chest X-ray,deit_small,DeiT-S,seed44,FGSM,4.0,0.1647940074906367,1,results/chest_xray_pneumonia/deit_small/robustness/seed44/robustness_attacks_main_max1024.json
chest_xray_pneumonia,Chest X-ray,deit_small,DeiT-S,seed44,FGSM,8.0,0.13295880149812733,1,results/chest_xray_pneumonia/deit_small/robustness/seed44/robustness_attacks_main_max1024.json
chest_xray_pneumonia,Chest X-ray,deit_small,DeiT-S,seed44,FGSM,16.0,0.12921348314606743,1,results/chest_xray_pneumonia/deit_small/robustness/seed44/robustness_attacks_main_max1024.json
chest_xray_pneumonia,Chest X-ray,deit_small,DeiT-S,seed44,PGD,2.0,0.018726591760299626,1,results/chest_xray_pneumonia/deit_small/robustness/seed44/robustness_attacks_main_max1024.json
chest_xray_pneumonia,Chest X-ray,deit_small,DeiT-S,seed44,PGD,4.0,0.0,1,results/chest_xray_pneumonia/deit_small/robustness/seed44/robustness_attacks_main_max1024.json
chest_xray_pneumonia,Chest X-ray,deit_small,DeiT-S,seed44,PGD,8.0,0.0,1,results/chest_xray_pneumonia/deit_small/robustness/seed44/robustness_attacks_main_max1024.json
chest_xray_pneumonia,Chest X-ray,deit_small,DeiT-S,seed44,PGD,16.0,0.0,1,results/chest_xray_pneumonia/deit_small/robustness/seed44/robustness_attacks_main_max1024.json
chest_xray_pneumonia,Chest X-ray,convnext_tiny,ConvNeXt-T,seed42,FGSM,0.1,0.8831858407079646,2,results/chest_xray_pneumonia/convnext_tiny/robustness/seed42/robustness_attacks_fine_max1024.json;results/chest_xray_pneumonia/convnext_tiny/robustness/seed42/robustness_attacks_fine_max1024.json
chest_xray_pneumonia,Chest X-ray,convnext_tiny,ConvNeXt-T,seed42,FGSM,0.15,0.8247787610619469,1,results/chest_xray_pneumonia/convnext_tiny/robustness/seed42/robustness_attacks_fine_max1024.json
chest_xray_pneumonia,Chest X-ray,convnext_tiny,ConvNeXt-T,seed42,FGSM,0.2,0.7663716814159292,1,results/chest_xray_pneumonia/convnext_tiny/robustness/seed42/robustness_attacks_fine_max1024.json
chest_xray_pneumonia,Chest X-ray,convnext_tiny,ConvNeXt-T,seed42,FGSM,0.25,0.7026548672566372,1,results/chest_xray_pneumonia/convnext_tiny/robustness/seed42/robustness_attacks_fine_max1024.json
chest_xray_pneumonia,Chest X-ray,convnext_tiny,ConvNeXt-T,seed42,FGSM,0.5,0.5646017699115045,1,results/chest_xray_pneumonia/convnext_tiny/robustness/seed42/robustness_attacks_fine_max1024.json
chest_xray_pneumonia,Chest X-ray,convnext_tiny,ConvNeXt-T,seed42,FGSM,1.0,0.46371681415929206,2,results/chest_xray_pneumonia/convnext_tiny/robustness/seed42/robustness_attacks_fine_max1024.json;results/chest_xray_pneumonia/convnext_tiny/robustness/seed42/robustness_attacks_main_max1024.json
chest_xray_pneumonia,Chest X-ray,convnext_tiny,ConvNeXt-T,seed42,PGD,0.1,0.8743362831858407,2,results/chest_xray_pneumonia/convnext_tiny/robustness/seed42/robustness_attacks_fine_max1024.json;results/chest_xray_pneumonia/convnext_tiny/robustness/seed42/robustness_attacks_fine_max1024.json
chest_xray_pneumonia,Chest X-ray,convnext_tiny,ConvNeXt-T,seed42,PGD,0.15,0.8,1,results/chest_xray_pneumonia/convnext_tiny/robustness/seed42/robustness_attacks_fine_max1024.json
chest_xray_pneumonia,Chest X-ray,convnext_tiny,ConvNeXt-T,seed42,PGD,0.2,0.7008849557522124,1,results/chest_xray_pneumonia/convnext_tiny/robustness/seed42/robustness_attacks_fine_max1024.json
chest_xray_pneumonia,Chest X-ray,convnext_tiny,ConvNeXt-T,seed42,PGD,0.25,0.6070796460176991,1,results/chest_xray_pneumonia/convnext_tiny/robustness/seed42/robustness_attacks_fine_max1024.json
chest_xray_pneumonia,Chest X-ray,convnext_tiny,ConvNeXt-T,seed42,PGD,0.5,0.17168141592920355,1,results/chest_xray_pneumonia/convnext_tiny/robustness/seed42/robustness_attacks_fine_max1024.json
chest_xray_pneumonia,Chest X-ray,convnext_tiny,ConvNeXt-T,seed42,PGD,1.0,0.0,2,results/chest_xray_pneumonia/convnext_tiny/robustness/seed42/robustness_attacks_fine_max1024.json;results/chest_xray_pneumonia/convnext_tiny/robustness/seed42/robustness_attacks_main_max1024.json
chest_xray_pneumonia,Chest X-ray,convnext_tiny,ConvNeXt-T,seed42,FGSM,2.0,0.4389380530973451,1,results/chest_xray_pneumonia/convnext_tiny/robustness/seed42/robustness_attacks_main_max1024.json
chest_xray_pneumonia,Chest X-ray,convnext_tiny,ConvNeXt-T,seed42,FGSM,4.0,0.43716814159292033,1,results/chest_xray_pneumonia/convnext_tiny/robustness/seed42/robustness_attacks_main_max1024.json
chest_xray_pneumonia,Chest X-ray,convnext_tiny,ConvNeXt-T,seed42,FGSM,8.0,0.45486725663716815,1,results/chest_xray_pneumonia/convnext_tiny/robustness/seed42/robustness_attacks_main_max1024.json
chest_xray_pneumonia,Chest X-ray,convnext_tiny,ConvNeXt-T,seed42,FGSM,16.0,0.4495575221238938,1,results/chest_xray_pneumonia/convnext_tiny/robustness/seed42/robustness_attacks_main_max1024.json
chest_xray_pneumonia,Chest X-ray,convnext_tiny,ConvNeXt-T,seed42,PGD,2.0,0.0,1,results/chest_xray_pneumonia/convnext_tiny/robustness/seed42/robustness_attacks_main_max1024.json
chest_xray_pneumonia,Chest X-ray,convnext_tiny,ConvNeXt-T,seed42,PGD,4.0,0.0,1,results/chest_xray_pneumonia/convnext_tiny/robustness/seed42/robustness_attacks_main_max1024.json
chest_xray_pneumonia,Chest X-ray,convnext_tiny,ConvNeXt-T,seed42,PGD,8.0,0.0,1,results/chest_xray_pneumonia/convnext_tiny/robustness/seed42/robustness_attacks_main_max1024.json
chest_xray_pneumonia,Chest X-ray,convnext_tiny,ConvNeXt-T,seed42,PGD,16.0,0.0,1,results/chest_xray_pneumonia/convnext_tiny/robustness/seed42/robustness_attacks_main_max1024.json
chest_xray_pneumonia,Chest X-ray,convnext_tiny,ConvNeXt-T,seed43,FGSM,0.1,0.9128856624319419,2,results/chest_xray_pneumonia/convnext_tiny/robustness/seed43/robustness_attacks_fine_max1024.json;results/chest_xray_pneumonia/convnext_tiny/robustness/seed43/robustness_attacks_fine_max1024.json
chest_xray_pneumonia,Chest X-ray,convnext_tiny,ConvNeXt-T,seed43,FGSM,0.15,0.8548094373865699,1,results/chest_xray_pneumonia/convnext_tiny/robustness/seed43/robustness_attacks_fine_max1024.json
chest_xray_pneumonia,Chest X-ray,convnext_tiny,ConvNeXt-T,seed43,FGSM,0.2,0.8130671506352087,1,results/chest_xray_pneumonia/convnext_tiny/robustness/seed43/robustness_attacks_fine_max1024.json
chest_xray_pneumonia,Chest X-ray,convnext_tiny,ConvNeXt-T,seed43,FGSM,0.25,0.7477313974591652,1,results/chest_xray_pneumonia/convnext_tiny/robustness/seed43/robustness_attacks_fine_max1024.json
chest_xray_pneumonia,Chest X-ray,convnext_tiny,ConvNeXt-T,seed43,FGSM,0.5,0.6152450090744102,1,results/chest_xray_pneumonia/convnext_tiny/robustness/seed43/robustness_attacks_fine_max1024.json
chest_xray_pneumonia,Chest X-ray,convnext_tiny,ConvNeXt-T,seed43,FGSM,1.0,0.4791288566243194,2,results/chest_xray_pneumonia/convnext_tiny/robustness/seed43/robustness_attacks_fine_max1024.json;results/chest_xray_pneumonia/convnext_tiny/robustness/seed43/robustness_attacks_main_max1024.json
chest_xray_pneumonia,Chest X-ray,convnext_tiny,ConvNeXt-T,seed43,PGD,0.1,0.9128856624319419,2,results/chest_xray_pneumonia/convnext_tiny/robustness/seed43/robustness_attacks_fine_max1024.json;results/chest_xray_pneumonia/convnext_tiny/robustness/seed43/robustness_attacks_fine_max1024.json
chest_xray_pneumonia,Chest X-ray,convnext_tiny,ConvNeXt-T,seed43,PGD,0.15,0.8475499092558983,1,results/chest_xray_pneumonia/convnext_tiny/robustness/seed43/robustness_attacks_fine_max1024.json
chest_xray_pneumonia,Chest X-ray,convnext_tiny,ConvNeXt-T,seed43,PGD,0.2,0.7803992740471869,1,results/chest_xray_pneumonia/convnext_tiny/robustness/seed43/robustness_attacks_fine_max1024.json
chest_xray_pneumonia,Chest X-ray,convnext_tiny,ConvNeXt-T,seed43,PGD,0.25,0.705989110707804,1,results/chest_xray_pneumonia/convnext_tiny/robustness/seed43/robustness_attacks_fine_max1024.json
chest_xray_pneumonia,Chest X-ray,convnext_tiny,ConvNeXt-T,seed43,PGD,0.5,0.3466424682395644,1,results/chest_xray_pneumonia/convnext_tiny/robustness/seed43/robustness_attacks_fine_max1024.json
chest_xray_pneumonia,Chest X-ray,convnext_tiny,ConvNeXt-T,seed43,PGD,1.0,0.018148820326678767,2,results/chest_xray_pneumonia/convnext_tiny/robustness/seed43/robustness_attacks_fine_max1024.json;results/chest_xray_pneumonia/convnext_tiny/robustness/seed43/robustness_attacks_main_max1024.json
chest_xray_pneumonia,Chest X-ray,convnext_tiny,ConvNeXt-T,seed43,FGSM,2.0,0.38656987295825773,1,results/chest_xray_pneumonia/convnext_tiny/robustness/seed43/robustness_attacks_main_max1024.json
chest_xray_pneumonia,Chest X-ray,convnext_tiny,ConvNeXt-T,seed43,FGSM,4.0,0.3647912885662432,1,results/chest_xray_pneumonia/convnext_tiny/robustness/seed43/robustness_attacks_main_max1024.json
chest_xray_pneumonia,Chest X-ray,convnext_tiny,ConvNeXt-T,seed43,FGSM,8.0,0.3738656987295826,1,results/chest_xray_pneumonia/convnext_tiny/robustness/seed43/robustness_attacks_main_max1024.json
chest_xray_pneumonia,Chest X-ray,convnext_tiny,ConvNeXt-T,seed43,FGSM,16.0,0.40834845735027225,1,results/chest_xray_pneumonia/convnext_tiny/robustness/seed43/robustness_attacks_main_max1024.json
chest_xray_pneumonia,Chest X-ray,convnext_tiny,ConvNeXt-T,seed43,PGD,2.0,0.0,1,results/chest_xray_pneumonia/convnext_tiny/robustness/seed43/robustness_attacks_main_max1024.json
chest_xray_pneumonia,Chest X-ray,convnext_tiny,ConvNeXt-T,seed43,PGD,4.0,0.0,1,results/chest_xray_pneumonia/convnext_tiny/robustness/seed43/robustness_attacks_main_max1024.json
chest_xray_pneumonia,Chest X-ray,convnext_tiny,ConvNeXt-T,seed43,PGD,8.0,0.0,1,results/chest_xray_pneumonia/convnext_tiny/robustness/seed43/robustness_attacks_main_max1024.json
chest_xray_pneumonia,Chest X-ray,convnext_tiny,ConvNeXt-T,seed43,PGD,16.0,0.0,1,results/chest_xray_pneumonia/convnext_tiny/robustness/seed43/robustness_attacks_main_max1024.json
chest_xray_pneumonia,Chest X-ray,convnext_tiny,ConvNeXt-T,seed44,FGSM,0.1,0.9520295202952029,2,results/chest_xray_pneumonia/convnext_tiny/robustness/seed44/robustness_attacks_fine_max1024.json;results/chest_xray_pneumonia/convnext_tiny/robustness/seed44/robustness_attacks_fine_max1024.json
chest_xray_pneumonia,Chest X-ray,convnext_tiny,ConvNeXt-T,seed44,FGSM,0.15,0.9040590405904059,1,results/chest_xray_pneumonia/convnext_tiny/robustness/seed44/robustness_attacks_fine_max1024.json
chest_xray_pneumonia,Chest X-ray,convnext_tiny,ConvNeXt-T,seed44,FGSM,0.2,0.8560885608856088,1,results/chest_xray_pneumonia/convnext_tiny/robustness/seed44/robustness_attacks_fine_max1024.json
chest_xray_pneumonia,Chest X-ray,convnext_tiny,ConvNeXt-T,seed44,FGSM,0.25,0.8081180811808119,1,results/chest_xray_pneumonia/convnext_tiny/robustness/seed44/robustness_attacks_fine_max1024.json
chest_xray_pneumonia,Chest X-ray,convnext_tiny,ConvNeXt-T,seed44,FGSM,0.5,0.6789667896678967,1,results/chest_xray_pneumonia/convnext_tiny/robustness/seed44/robustness_attacks_fine_max1024.json
chest_xray_pneumonia,Chest X-ray,convnext_tiny,ConvNeXt-T,seed44,FGSM,1.0,0.5479704797047971,2,results/chest_xray_pneumonia/convnext_tiny/robustness/seed44/robustness_attacks_fine_max1024.json;results/chest_xray_pneumonia/convnext_tiny/robustness/seed44/robustness_attacks_main_max1024.json
chest_xray_pneumonia,Chest X-ray,convnext_tiny,ConvNeXt-T,seed44,PGD,0.1,0.948339483394834,2,results/chest_xray_pneumonia/convnext_tiny/robustness/seed44/robustness_attacks_fine_max1024.json;results/chest_xray_pneumonia/convnext_tiny/robustness/seed44/robustness_attacks_fine_max1024.json
chest_xray_pneumonia,Chest X-ray,convnext_tiny,ConvNeXt-T,seed44,PGD,0.15,0.8929889298892989,1,results/chest_xray_pneumonia/convnext_tiny/robustness/seed44/robustness_attacks_fine_max1024.json
chest_xray_pneumonia,Chest X-ray,convnext_tiny,ConvNeXt-T,seed44,PGD,0.2,0.8394833948339483,1,results/chest_xray_pneumonia/convnext_tiny/robustness/seed44/robustness_attacks_fine_max1024.json
chest_xray_pneumonia,Chest X-ray,convnext_tiny,ConvNeXt-T,seed44,PGD,0.25,0.7822878228782287,1,results/chest_xray_pneumonia/convnext_tiny/robustness/seed44/robustness_attacks_fine_max1024.json
chest_xray_pneumonia,Chest X-ray,convnext_tiny,ConvNeXt-T,seed44,PGD,0.5,0.474169741697417,1,results/chest_xray_pneumonia/convnext_tiny/robustness/seed44/robustness_attacks_fine_max1024.json
chest_xray_pneumonia,Chest X-ray,convnext_tiny,ConvNeXt-T,seed44,PGD,1.0,0.07564575645756458,2,results/chest_xray_pneumonia/convnext_tiny/robustness/seed44/robustness_attacks_fine_max1024.json;results/chest_xray_pneumonia/convnext_tiny/robustness/seed44/robustness_attacks_main_max1024.json
chest_xray_pneumonia,Chest X-ray,convnext_tiny,ConvNeXt-T,seed44,FGSM,2.0,0.4797047970479705,1,results/chest_xray_pneumonia/convnext_tiny/robustness/seed44/robustness_attacks_main_max1024.json
chest_xray_pneumonia,Chest X-ray,convnext_tiny,ConvNeXt-T,seed44,FGSM,4.0,0.4612546125461255,1,results/chest_xray_pneumonia/convnext_tiny/robustness/seed44/robustness_attacks_main_max1024.json
chest_xray_pneumonia,Chest X-ray,convnext_tiny,ConvNeXt-T,seed44,FGSM,8.0,0.4575645756457565,1,results/chest_xray_pneumonia/convnext_tiny/robustness/seed44/robustness_attacks_main_max1024.json
chest_xray_pneumonia,Chest X-ray,convnext_tiny,ConvNeXt-T,seed44,FGSM,16.0,0.4612546125461255,1,results/chest_xray_pneumonia/convnext_tiny/robustness/seed44/robustness_attacks_main_max1024.json
chest_xray_pneumonia,Chest X-ray,convnext_tiny,ConvNeXt-T,seed44,PGD,2.0,0.0,1,results/chest_xray_pneumonia/convnext_tiny/robustness/seed44/robustness_attacks_main_max1024.json
chest_xray_pneumonia,Chest X-ray,convnext_tiny,ConvNeXt-T,seed44,PGD,4.0,0.0,1,results/chest_xray_pneumonia/convnext_tiny/robustness/seed44/robustness_attacks_main_max1024.json
chest_xray_pneumonia,Chest X-ray,convnext_tiny,ConvNeXt-T,seed44,PGD,8.0,0.0,1,results/chest_xray_pneumonia/convnext_tiny/robustness/seed44/robustness_attacks_main_max1024.json
chest_xray_pneumonia,Chest X-ray,convnext_tiny,ConvNeXt-T,seed44,PGD,16.0,0.0,1,results/chest_xray_pneumonia/convnext_tiny/robustness/seed44/robustness_attacks_main_max1024.json
malaria,Malaria,resnet18,ResNet-18,seed42,FGSM,0.1,0.9567404426559356,2,results/malaria/resnet18/robustness/seed42/robustness_attacks_fine_max1024.json;results/malaria/resnet18/robustness/seed42/robustness_attacks_fine_max1024.json
malaria,Malaria,resnet18,ResNet-18,seed42,FGSM,0.15,0.9325955734406438,1,results/malaria/resnet18/robustness/seed42/robustness_attacks_fine_max1024.json
malaria,Malaria,resnet18,ResNet-18,seed42,FGSM,0.2,0.9024144869215291,1,results/malaria/resnet18/robustness/seed42/robustness_attacks_fine_max1024.json
malaria,Malaria,resnet18,ResNet-18,seed42,FGSM,0.25,0.8742454728370221,1,results/malaria/resnet18/robustness/seed42/robustness_attacks_fine_max1024.json
malaria,Malaria,resnet18,ResNet-18,seed42,FGSM,0.5,0.7967806841046278,1,results/malaria/resnet18/robustness/seed42/robustness_attacks_fine_max1024.json
malaria,Malaria,resnet18,ResNet-18,seed42,FGSM,1.0,0.7173038229376257,2,results/malaria/resnet18/robustness/seed42/robustness_attacks_fine_max1024.json;results/malaria/resnet18/robustness/seed42/robustness_attacks_main_max1024.json
malaria,Malaria,resnet18,ResNet-18,seed42,PGD,0.1,0.9245472837022133,2,results/malaria/resnet18/robustness/seed42/robustness_attacks_fine_max1024.json;results/malaria/resnet18/robustness/seed42/robustness_attacks_fine_max1024.json
malaria,Malaria,resnet18,ResNet-18,seed42,PGD,0.15,0.8440643863179075,1,results/malaria/resnet18/robustness/seed42/robustness_attacks_fine_max1024.json
malaria,Malaria,resnet18,ResNet-18,seed42,PGD,0.2,0.7454728370221329,1,results/malaria/resnet18/robustness/seed42/robustness_attacks_fine_max1024.json
malaria,Malaria,resnet18,ResNet-18,seed42,PGD,0.25,0.6327967806841046,1,results/malaria/resnet18/robustness/seed42/robustness_attacks_fine_max1024.json
malaria,Malaria,resnet18,ResNet-18,seed42,PGD,0.5,0.11167002012072434,1,results/malaria/resnet18/robustness/seed42/robustness_attacks_fine_max1024.json
malaria,Malaria,resnet18,ResNet-18,seed42,PGD,1.0,0.002012072434607646,2,results/malaria/resnet18/robustness/seed42/robustness_attacks_fine_max1024.json;results/malaria/resnet18/robustness/seed42/robustness_attacks_main_max1024.json
malaria,Malaria,resnet18,ResNet-18,seed42,FGSM,2.0,0.6680080482897385,1,results/malaria/resnet18/robustness/seed42/robustness_attacks_main_max1024.json
malaria,Malaria,resnet18,ResNet-18,seed42,FGSM,4.0,0.704225352112676,1,results/malaria/resnet18/robustness/seed42/robustness_attacks_main_max1024.json
malaria,Malaria,resnet18,ResNet-18,seed42,FGSM,8.0,0.7233400402414487,1,results/malaria/resnet18/robustness/seed42/robustness_attacks_main_max1024.json
malaria,Malaria,resnet18,ResNet-18,seed42,FGSM,16.0,0.7132796780684104,1,results/malaria/resnet18/robustness/seed42/robustness_attacks_main_max1024.json
malaria,Malaria,resnet18,ResNet-18,seed42,PGD,2.0,0.0,1,results/malaria/resnet18/robustness/seed42/robustness_attacks_main_max1024.json
malaria,Malaria,resnet18,ResNet-18,seed42,PGD,4.0,0.0,1,results/malaria/resnet18/robustness/seed42/robustness_attacks_main_max1024.json
malaria,Malaria,resnet18,ResNet-18,seed42,PGD,8.0,0.0,1,results/malaria/resnet18/robustness/seed42/robustness_attacks_main_max1024.json
malaria,Malaria,resnet18,ResNet-18,seed42,PGD,16.0,0.0,1,results/malaria/resnet18/robustness/seed42/robustness_attacks_main_max1024.json
malaria,Malaria,resnet18,ResNet-18,seed43,FGSM,0.1,0.9688442211055276,2,results/malaria/resnet18/robustness/seed43/robustness_attacks_fine_max1024.json;results/malaria/resnet18/robustness/seed43/robustness_attacks_fine_max1024.json
malaria,Malaria,resnet18,ResNet-18,seed43,FGSM,0.15,0.9527638190954774,1,results/malaria/resnet18/robustness/seed43/robustness_attacks_fine_max1024.json
malaria,Malaria,resnet18,ResNet-18,seed43,FGSM,0.2,0.9376884422110553,1,results/malaria/resnet18/robustness/seed43/robustness_attacks_fine_max1024.json
malaria,Malaria,resnet18,ResNet-18,seed43,FGSM,0.25,0.9256281407035176,1,results/malaria/resnet18/robustness/seed43/robustness_attacks_fine_max1024.json
malaria,Malaria,resnet18,ResNet-18,seed43,FGSM,0.5,0.8552763819095477,1,results/malaria/resnet18/robustness/seed43/robustness_attacks_fine_max1024.json
malaria,Malaria,resnet18,ResNet-18,seed43,FGSM,1.0,0.7899497487437186,2,results/malaria/resnet18/robustness/seed43/robustness_attacks_fine_max1024.json;results/malaria/resnet18/robustness/seed43/robustness_attacks_main_max1024.json
malaria,Malaria,resnet18,ResNet-18,seed43,PGD,0.1,0.9567839195979899,2,results/malaria/resnet18/robustness/seed43/robustness_attacks_fine_max1024.json;results/malaria/resnet18/robustness/seed43/robustness_attacks_fine_max1024.json
malaria,Malaria,resnet18,ResNet-18,seed43,PGD,0.15,0.9216080402010051,1,results/malaria/resnet18/robustness/seed43/robustness_attacks_fine_max1024.json
malaria,Malaria,resnet18,ResNet-18,seed43,PGD,0.2,0.8653266331658291,1,results/malaria/resnet18/robustness/seed43/robustness_attacks_fine_max1024.json
malaria,Malaria,resnet18,ResNet-18,seed43,PGD,0.25,0.8040201005025126,1,results/malaria/resnet18/robustness/seed43/robustness_attacks_fine_max1024.json
malaria,Malaria,resnet18,ResNet-18,seed43,PGD,0.5,0.2904522613065327,1,results/malaria/resnet18/robustness/seed43/robustness_attacks_fine_max1024.json
malaria,Malaria,resnet18,ResNet-18,seed43,PGD,1.0,0.005025125628140704,2,results/malaria/resnet18/robustness/seed43/robustness_attacks_fine_max1024.json;results/malaria/resnet18/robustness/seed43/robustness_attacks_main_max1024.json
malaria,Malaria,resnet18,ResNet-18,seed43,FGSM,2.0,0.7477386934673367,1,results/malaria/resnet18/robustness/seed43/robustness_attacks_main_max1024.json
malaria,Malaria,resnet18,ResNet-18,seed43,FGSM,4.0,0.7668341708542713,1,results/malaria/resnet18/robustness/seed43/robustness_attacks_main_max1024.json
malaria,Malaria,resnet18,ResNet-18,seed43,FGSM,8.0,0.8060301507537688,1,results/malaria/resnet18/robustness/seed43/robustness_attacks_main_max1024.json
malaria,Malaria,resnet18,ResNet-18,seed43,FGSM,16.0,0.7758793969849246,1,results/malaria/resnet18/robustness/seed43/robustness_attacks_main_max1024.json
malaria,Malaria,resnet18,ResNet-18,seed43,PGD,2.0,0.0,1,results/malaria/resnet18/robustness/seed43/robustness_attacks_main_max1024.json
malaria,Malaria,resnet18,ResNet-18,seed43,PGD,4.0,0.0,1,results/malaria/resnet18/robustness/seed43/robustness_attacks_main_max1024.json
malaria,Malaria,resnet18,ResNet-18,seed43,PGD,8.0,0.0,1,results/malaria/resnet18/robustness/seed43/robustness_attacks_main_max1024.json
malaria,Malaria,resnet18,ResNet-18,seed43,PGD,16.0,0.0,1,results/malaria/resnet18/robustness/seed43/robustness_attacks_main_max1024.json
malaria,Malaria,resnet18,ResNet-18,seed44,FGSM,0.1,0.9703557312252964,2,results/malaria/resnet18/robustness/seed44/robustness_attacks_fine_max1024.json;results/malaria/resnet18/robustness/seed44/robustness_attacks_fine_max1024.json
malaria,Malaria,resnet18,ResNet-18,seed44,FGSM,0.15,0.9545454545454546,1,results/malaria/resnet18/robustness/seed44/robustness_attacks_fine_max1024.json
malaria,Malaria,resnet18,ResNet-18,seed44,FGSM,0.2,0.9347826086956522,1,results/malaria/resnet18/robustness/seed44/robustness_attacks_fine_max1024.json
malaria,Malaria,resnet18,ResNet-18,seed44,FGSM,0.25,0.9209486166007905,1,results/malaria/resnet18/robustness/seed44/robustness_attacks_fine_max1024.json
malaria,Malaria,resnet18,ResNet-18,seed44,FGSM,0.5,0.8527667984189723,1,results/malaria/resnet18/robustness/seed44/robustness_attacks_fine_max1024.json
malaria,Malaria,resnet18,ResNet-18,seed44,FGSM,1.0,0.7835968379446641,2,results/malaria/resnet18/robustness/seed44/robustness_attacks_fine_max1024.json;results/malaria/resnet18/robustness/seed44/robustness_attacks_main_max1024.json
malaria,Malaria,resnet18,ResNet-18,seed44,PGD,0.1,0.9545454545454546,2,results/malaria/resnet18/robustness/seed44/robustness_attacks_fine_max1024.json;results/malaria/resnet18/robustness/seed44/robustness_attacks_fine_max1024.json
malaria,Malaria,resnet18,ResNet-18,seed44,PGD,0.15,0.900197628458498,1,results/malaria/resnet18/robustness/seed44/robustness_attacks_fine_max1024.json
malaria,Malaria,resnet18,ResNet-18,seed44,PGD,0.2,0.8399209486166008,1,results/malaria/resnet18/robustness/seed44/robustness_attacks_fine_max1024.json
malaria,Malaria,resnet18,ResNet-18,seed44,PGD,0.25,0.7223320158102767,1,results/malaria/resnet18/robustness/seed44/robustness_attacks_fine_max1024.json
malaria,Malaria,resnet18,ResNet-18,seed44,PGD,0.5,0.17094861660079053,1,results/malaria/resnet18/robustness/seed44/robustness_attacks_fine_max1024.json
malaria,Malaria,resnet18,ResNet-18,seed44,PGD,1.0,0.0009881422924901185,2,results/malaria/resnet18/robustness/seed44/robustness_attacks_fine_max1024.json;results/malaria/resnet18/robustness/seed44/robustness_attacks_main_max1024.json
malaria,Malaria,resnet18,ResNet-18,seed44,FGSM,2.0,0.7430830039525692,1,results/malaria/resnet18/robustness/seed44/robustness_attacks_main_max1024.json
malaria,Malaria,resnet18,ResNet-18,seed44,FGSM,4.0,0.7628458498023716,1,results/malaria/resnet18/robustness/seed44/robustness_attacks_main_max1024.json
malaria,Malaria,resnet18,ResNet-18,seed44,FGSM,8.0,0.791501976284585,1,results/malaria/resnet18/robustness/seed44/robustness_attacks_main_max1024.json
malaria,Malaria,resnet18,ResNet-18,seed44,FGSM,16.0,0.7835968379446641,1,results/malaria/resnet18/robustness/seed44/robustness_attacks_main_max1024.json
malaria,Malaria,resnet18,ResNet-18,seed44,PGD,2.0,0.0,1,results/malaria/resnet18/robustness/seed44/robustness_attacks_main_max1024.json
malaria,Malaria,resnet18,ResNet-18,seed44,PGD,4.0,0.0,1,results/malaria/resnet18/robustness/seed44/robustness_attacks_main_max1024.json
malaria,Malaria,resnet18,ResNet-18,seed44,PGD,8.0,0.0,1,results/malaria/resnet18/robustness/seed44/robustness_attacks_main_max1024.json
malaria,Malaria,resnet18,ResNet-18,seed44,PGD,16.0,0.0,1,results/malaria/resnet18/robustness/seed44/robustness_attacks_main_max1024.json
malaria,Malaria,resnet34,ResNet-34,seed42,FGSM,0.1,0.9294354838709677,2,results/malaria/resnet34/robustness/seed42/robustness_attacks_fine_max1024.json;results/malaria/resnet34/robustness/seed42/robustness_attacks_fine_max1024.json
malaria,Malaria,resnet34,ResNet-34,seed42,FGSM,0.15,0.8891129032258065,1,results/malaria/resnet34/robustness/seed42/robustness_attacks_fine_max1024.json
malaria,Malaria,resnet34,ResNet-34,seed42,FGSM,0.2,0.8457661290322581,1,results/malaria/resnet34/robustness/seed42/robustness_attacks_fine_max1024.json
malaria,Malaria,resnet34,ResNet-34,seed42,FGSM,0.25,0.813508064516129,1,results/malaria/resnet34/robustness/seed42/robustness_attacks_fine_max1024.json
malaria,Malaria,resnet34,ResNet-34,seed42,FGSM,0.5,0.7036290322580645,1,results/malaria/resnet34/robustness/seed42/robustness_attacks_fine_max1024.json
malaria,Malaria,resnet34,ResNet-34,seed42,FGSM,1.0,0.6078629032258065,2,results/malaria/resnet34/robustness/seed42/robustness_attacks_fine_max1024.json;results/malaria/resnet34/robustness/seed42/robustness_attacks_main_max1024.json
malaria,Malaria,resnet34,ResNet-34,seed42,PGD,0.1,0.8538306451612904,2,results/malaria/resnet34/robustness/seed42/robustness_attacks_fine_max1024.json;results/malaria/resnet34/robustness/seed42/robustness_attacks_fine_max1024.json
malaria,Malaria,resnet34,ResNet-34,seed42,PGD,0.15,0.7016129032258065,1,results/malaria/resnet34/robustness/seed42/robustness_attacks_fine_max1024.json
malaria,Malaria,resnet34,ResNet-34,seed42,PGD,0.2,0.5181451612903226,1,results/malaria/resnet34/robustness/seed42/robustness_attacks_fine_max1024.json
malaria,Malaria,resnet34,ResNet-34,seed42,PGD,0.25,0.33669354838709675,1,results/malaria/resnet34/robustness/seed42/robustness_attacks_fine_max1024.json
malaria,Malaria,resnet34,ResNet-34,seed42,PGD,0.5,0.011088709677419355,1,results/malaria/resnet34/robustness/seed42/robustness_attacks_fine_max1024.json
malaria,Malaria,resnet34,ResNet-34,seed42,PGD,1.0,0.0,2,results/malaria/resnet34/robustness/seed42/robustness_attacks_fine_max1024.json;results/malaria/resnet34/robustness/seed42/robustness_attacks_main_max1024.json
malaria,Malaria,resnet34,ResNet-34,seed42,FGSM,2.0,0.6159274193548387,1,results/malaria/resnet34/robustness/seed42/robustness_attacks_main_max1024.json
malaria,Malaria,resnet34,ResNet-34,seed42,FGSM,4.0,0.7298387096774194,1,results/malaria/resnet34/robustness/seed42/robustness_attacks_main_max1024.json
malaria,Malaria,resnet34,ResNet-34,seed42,FGSM,8.0,0.8256048387096774,1,results/malaria/resnet34/robustness/seed42/robustness_attacks_main_max1024.json
malaria,Malaria,resnet34,ResNet-34,seed42,FGSM,16.0,0.8457661290322581,1,results/malaria/resnet34/robustness/seed42/robustness_attacks_main_max1024.json
malaria,Malaria,resnet34,ResNet-34,seed42,PGD,2.0,0.0,1,results/malaria/resnet34/robustness/seed42/robustness_attacks_main_max1024.json
malaria,Malaria,resnet34,ResNet-34,seed42,PGD,4.0,0.0,1,results/malaria/resnet34/robustness/seed42/robustness_attacks_main_max1024.json
malaria,Malaria,resnet34,ResNet-34,seed42,PGD,8.0,0.0,1,results/malaria/resnet34/robustness/seed42/robustness_attacks_main_max1024.json
malaria,Malaria,resnet34,ResNet-34,seed42,PGD,16.0,0.0,1,results/malaria/resnet34/robustness/seed42/robustness_attacks_main_max1024.json
malaria,Malaria,resnet34,ResNet-34,seed43,FGSM,0.1,0.9022177419354839,2,results/malaria/resnet34/robustness/seed43/robustness_attacks_fine_max1024.json;results/malaria/resnet34/robustness/seed43/robustness_attacks_fine_max1024.json
malaria,Malaria,resnet34,ResNet-34,seed43,FGSM,0.15,0.8639112903225806,1,results/malaria/resnet34/robustness/seed43/robustness_attacks_fine_max1024.json
malaria,Malaria,resnet34,ResNet-34,seed43,FGSM,0.2,0.8306451612903226,1,results/malaria/resnet34/robustness/seed43/robustness_attacks_fine_max1024.json
malaria,Malaria,resnet34,ResNet-34,seed43,FGSM,0.25,0.7983870967741935,1,results/malaria/resnet34/robustness/seed43/robustness_attacks_fine_max1024.json
malaria,Malaria,resnet34,ResNet-34,seed43,FGSM,0.5,0.7016129032258065,1,results/malaria/resnet34/robustness/seed43/robustness_attacks_fine_max1024.json
malaria,Malaria,resnet34,ResNet-34,seed43,FGSM,1.0,0.6179435483870968,2,results/malaria/resnet34/robustness/seed43/robustness_attacks_fine_max1024.json;results/malaria/resnet34/robustness/seed43/robustness_attacks_main_max1024.json
malaria,Malaria,resnet34,ResNet-34,seed43,PGD,0.1,0.8195564516129032,2,results/malaria/resnet34/robustness/seed43/robustness_attacks_fine_max1024.json;results/malaria/resnet34/robustness/seed43/robustness_attacks_fine_max1024.json
malaria,Malaria,resnet34,ResNet-34,seed43,PGD,0.15,0.6733870967741935,1,results/malaria/resnet34/robustness/seed43/robustness_attacks_fine_max1024.json
malaria,Malaria,resnet34,ResNet-34,seed43,PGD,0.2,0.4566532258064516,1,results/malaria/resnet34/robustness/seed43/robustness_attacks_fine_max1024.json
malaria,Malaria,resnet34,ResNet-34,seed43,PGD,0.25,0.2872983870967742,1,results/malaria/resnet34/robustness/seed43/robustness_attacks_fine_max1024.json
malaria,Malaria,resnet34,ResNet-34,seed43,PGD,0.5,0.004032258064516129,1,results/malaria/resnet34/robustness/seed43/robustness_attacks_fine_max1024.json
malaria,Malaria,resnet34,ResNet-34,seed43,PGD,1.0,0.0,2,results/malaria/resnet34/robustness/seed43/robustness_attacks_fine_max1024.json;results/malaria/resnet34/robustness/seed43/robustness_attacks_main_max1024.json
malaria,Malaria,resnet34,ResNet-34,seed43,FGSM,2.0,0.6300403225806451,1,results/malaria/resnet34/robustness/seed43/robustness_attacks_main_max1024.json
malaria,Malaria,resnet34,ResNet-34,seed43,FGSM,4.0,0.7459677419354839,1,results/malaria/resnet34/robustness/seed43/robustness_attacks_main_max1024.json
malaria,Malaria,resnet34,ResNet-34,seed43,FGSM,8.0,0.8588709677419355,1,results/malaria/resnet34/robustness/seed43/robustness_attacks_main_max1024.json
malaria,Malaria,resnet34,ResNet-34,seed43,FGSM,16.0,0.8931451612903226,1,results/malaria/resnet34/robustness/seed43/robustness_attacks_main_max1024.json
malaria,Malaria,resnet34,ResNet-34,seed43,PGD,2.0,0.0,1,results/malaria/resnet34/robustness/seed43/robustness_attacks_main_max1024.json
malaria,Malaria,resnet34,ResNet-34,seed43,PGD,4.0,0.0,1,results/malaria/resnet34/robustness/seed43/robustness_attacks_main_max1024.json
malaria,Malaria,resnet34,ResNet-34,seed43,PGD,8.0,0.0,1,results/malaria/resnet34/robustness/seed43/robustness_attacks_main_max1024.json
malaria,Malaria,resnet34,ResNet-34,seed43,PGD,16.0,0.0,1,results/malaria/resnet34/robustness/seed43/robustness_attacks_main_max1024.json
malaria,Malaria,resnet34,ResNet-34,seed44,FGSM,0.1,0.96751968503937,2,results/malaria/resnet34/robustness/seed44/robustness_attacks_fine_max1024.json;results/malaria/resnet34/robustness/seed44/robustness_attacks_fine_max1024.json
malaria,Malaria,resnet34,ResNet-34,seed44,FGSM,0.15,0.9488188976377953,1,results/malaria/resnet34/robustness/seed44/robustness_attacks_fine_max1024.json
malaria,Malaria,resnet34,ResNet-34,seed44,FGSM,0.2,0.9320866141732284,1,results/malaria/resnet34/robustness/seed44/robustness_attacks_fine_max1024.json
malaria,Malaria,resnet34,ResNet-34,seed44,FGSM,0.25,0.9163385826771654,1,results/malaria/resnet34/robustness/seed44/robustness_attacks_fine_max1024.json
malaria,Malaria,resnet34,ResNet-34,seed44,FGSM,0.5,0.8681102362204725,1,results/malaria/resnet34/robustness/seed44/robustness_attacks_fine_max1024.json
malaria,Malaria,resnet34,ResNet-34,seed44,FGSM,1.0,0.8366141732283464,2,results/malaria/resnet34/robustness/seed44/robustness_attacks_fine_max1024.json;results/malaria/resnet34/robustness/seed44/robustness_attacks_main_max1024.json
malaria,Malaria,resnet34,ResNet-34,seed44,PGD,0.1,0.9242125984251969,2,results/malaria/resnet34/robustness/seed44/robustness_attacks_fine_max1024.json;results/malaria/resnet34/robustness/seed44/robustness_attacks_fine_max1024.json
malaria,Malaria,resnet34,ResNet-34,seed44,PGD,0.15,0.8307086614173228,1,results/malaria/resnet34/robustness/seed44/robustness_attacks_fine_max1024.json
malaria,Malaria,resnet34,ResNet-34,seed44,PGD,0.2,0.7086614173228346,1,results/malaria/resnet34/robustness/seed44/robustness_attacks_fine_max1024.json
malaria,Malaria,resnet34,ResNet-34,seed44,PGD,0.25,0.5708661417322834,1,results/malaria/resnet34/robustness/seed44/robustness_attacks_fine_max1024.json
malaria,Malaria,resnet34,ResNet-34,seed44,PGD,0.5,0.10236220472440945,1,results/malaria/resnet34/robustness/seed44/robustness_attacks_fine_max1024.json
malaria,Malaria,resnet34,ResNet-34,seed44,PGD,1.0,0.000984251968503937,2,results/malaria/resnet34/robustness/seed44/robustness_attacks_fine_max1024.json;results/malaria/resnet34/robustness/seed44/robustness_attacks_main_max1024.json
malaria,Malaria,resnet34,ResNet-34,seed44,FGSM,2.0,0.8198818897637795,1,results/malaria/resnet34/robustness/seed44/robustness_attacks_main_max1024.json
malaria,Malaria,resnet34,ResNet-34,seed44,FGSM,4.0,0.8316929133858267,1,results/malaria/resnet34/robustness/seed44/robustness_attacks_main_max1024.json
malaria,Malaria,resnet34,ResNet-34,seed44,FGSM,8.0,0.812992125984252,1,results/malaria/resnet34/robustness/seed44/robustness_attacks_main_max1024.json
malaria,Malaria,resnet34,ResNet-34,seed44,FGSM,16.0,0.7431102362204725,1,results/malaria/resnet34/robustness/seed44/robustness_attacks_main_max1024.json
malaria,Malaria,resnet34,ResNet-34,seed44,PGD,2.0,0.0,1,results/malaria/resnet34/robustness/seed44/robustness_attacks_main_max1024.json
malaria,Malaria,resnet34,ResNet-34,seed44,PGD,4.0,0.0,1,results/malaria/resnet34/robustness/seed44/robustness_attacks_main_max1024.json
malaria,Malaria,resnet34,ResNet-34,seed44,PGD,8.0,0.0,1,results/malaria/resnet34/robustness/seed44/robustness_attacks_main_max1024.json
malaria,Malaria,resnet34,ResNet-34,seed44,PGD,16.0,0.0,1,results/malaria/resnet34/robustness/seed44/robustness_attacks_main_max1024.json
malaria,Malaria,resnet50,ResNet-50,seed42,FGSM,0.1,0.907258064516129,2,results/malaria/resnet50/robustness/seed42/robustness_attacks_fine_max1024.json;results/malaria/resnet50/robustness/seed42/robustness_attacks_fine_max1024.json
malaria,Malaria,resnet50,ResNet-50,seed42,FGSM,0.15,0.8830645161290323,1,results/malaria/resnet50/robustness/seed42/robustness_attacks_fine_max1024.json
malaria,Malaria,resnet50,ResNet-50,seed42,FGSM,0.2,0.8588709677419355,1,results/malaria/resnet50/robustness/seed42/robustness_attacks_fine_max1024.json
malaria,Malaria,resnet50,ResNet-50,seed42,FGSM,0.25,0.8397177419354839,1,results/malaria/resnet50/robustness/seed42/robustness_attacks_fine_max1024.json
malaria,Malaria,resnet50,ResNet-50,seed42,FGSM,0.5,0.7721774193548387,1,results/malaria/resnet50/robustness/seed42/robustness_attacks_fine_max1024.json
malaria,Malaria,resnet50,ResNet-50,seed42,FGSM,1.0,0.7631048387096774,2,results/malaria/resnet50/robustness/seed42/robustness_attacks_fine_max1024.json;results/malaria/resnet50/robustness/seed42/robustness_attacks_main_max1024.json
malaria,Malaria,resnet50,ResNet-50,seed42,PGD,0.1,0.7429435483870968,2,results/malaria/resnet50/robustness/seed42/robustness_attacks_fine_max1024.json;results/malaria/resnet50/robustness/seed42/robustness_attacks_fine_max1024.json
malaria,Malaria,resnet50,ResNet-50,seed42,PGD,0.15,0.5413306451612904,1,results/malaria/resnet50/robustness/seed42/robustness_attacks_fine_max1024.json
malaria,Malaria,resnet50,ResNet-50,seed42,PGD,0.2,0.3316532258064516,1,results/malaria/resnet50/robustness/seed42/robustness_attacks_fine_max1024.json
malaria,Malaria,resnet50,ResNet-50,seed42,PGD,0.25,0.18951612903225806,1,results/malaria/resnet50/robustness/seed42/robustness_attacks_fine_max1024.json
malaria,Malaria,resnet50,ResNet-50,seed42,PGD,0.5,0.007056451612903226,1,results/malaria/resnet50/robustness/seed42/robustness_attacks_fine_max1024.json
malaria,Malaria,resnet50,ResNet-50,seed42,PGD,1.0,0.0,2,results/malaria/resnet50/robustness/seed42/robustness_attacks_fine_max1024.json;results/malaria/resnet50/robustness/seed42/robustness_attacks_main_max1024.json
malaria,Malaria,resnet50,ResNet-50,seed42,FGSM,2.0,0.8145161290322581,1,results/malaria/resnet50/robustness/seed42/robustness_attacks_main_max1024.json
malaria,Malaria,resnet50,ResNet-50,seed42,FGSM,4.0,0.8689516129032258,1,results/malaria/resnet50/robustness/seed42/robustness_attacks_main_max1024.json
malaria,Malaria,resnet50,ResNet-50,seed42,FGSM,8.0,0.8286290322580645,1,results/malaria/resnet50/robustness/seed42/robustness_attacks_main_max1024.json
malaria,Malaria,resnet50,ResNet-50,seed42,FGSM,16.0,0.7237903225806451,1,results/malaria/resnet50/robustness/seed42/robustness_attacks_main_max1024.json
malaria,Malaria,resnet50,ResNet-50,seed42,PGD,2.0,0.0,1,results/malaria/resnet50/robustness/seed42/robustness_attacks_main_max1024.json
malaria,Malaria,resnet50,ResNet-50,seed42,PGD,4.0,0.0,1,results/malaria/resnet50/robustness/seed42/robustness_attacks_main_max1024.json
malaria,Malaria,resnet50,ResNet-50,seed42,PGD,8.0,0.0,1,results/malaria/resnet50/robustness/seed42/robustness_attacks_main_max1024.json
malaria,Malaria,resnet50,ResNet-50,seed42,PGD,16.0,0.0,1,results/malaria/resnet50/robustness/seed42/robustness_attacks_main_max1024.json
malaria,Malaria,resnet50,ResNet-50,seed43,FGSM,0.1,0.9127382146439318,2,results/malaria/resnet50/robustness/seed43/robustness_attacks_fine_max1024.json;results/malaria/resnet50/robustness/seed43/robustness_attacks_fine_max1024.json
malaria,Malaria,resnet50,ResNet-50,seed43,FGSM,0.15,0.8746238716148446,1,results/malaria/resnet50/robustness/seed43/robustness_attacks_fine_max1024.json
malaria,Malaria,resnet50,ResNet-50,seed43,FGSM,0.2,0.8445336008024072,1,results/malaria/resnet50/robustness/seed43/robustness_attacks_fine_max1024.json
malaria,Malaria,resnet50,ResNet-50,seed43,FGSM,0.25,0.8214643931795386,1,results/malaria/resnet50/robustness/seed43/robustness_attacks_fine_max1024.json
malaria,Malaria,resnet50,ResNet-50,seed43,FGSM,0.5,0.7512537612838516,1,results/malaria/resnet50/robustness/seed43/robustness_attacks_fine_max1024.json
malaria,Malaria,resnet50,ResNet-50,seed43,FGSM,1.0,0.7321965897693079,2,results/malaria/resnet50/robustness/seed43/robustness_attacks_fine_max1024.json;results/malaria/resnet50/robustness/seed43/robustness_attacks_main_max1024.json
malaria,Malaria,resnet50,ResNet-50,seed43,PGD,0.1,0.7542627883650953,2,results/malaria/resnet50/robustness/seed43/robustness_attacks_fine_max1024.json;results/malaria/resnet50/robustness/seed43/robustness_attacks_fine_max1024.json
malaria,Malaria,resnet50,ResNet-50,seed43,PGD,0.15,0.5195586760280843,1,results/malaria/resnet50/robustness/seed43/robustness_attacks_fine_max1024.json
malaria,Malaria,resnet50,ResNet-50,seed43,PGD,0.2,0.2958876629889669,1,results/malaria/resnet50/robustness/seed43/robustness_attacks_fine_max1024.json
malaria,Malaria,resnet50,ResNet-50,seed43,PGD,0.25,0.1765295887662989,1,results/malaria/resnet50/robustness/seed43/robustness_attacks_fine_max1024.json
malaria,Malaria,resnet50,ResNet-50,seed43,PGD,0.5,0.00802407221664995,1,results/malaria/resnet50/robustness/seed43/robustness_attacks_fine_max1024.json
malaria,Malaria,resnet50,ResNet-50,seed43,PGD,1.0,0.0,2,results/malaria/resnet50/robustness/seed43/robustness_attacks_fine_max1024.json;results/malaria/resnet50/robustness/seed43/robustness_attacks_main_max1024.json
malaria,Malaria,resnet50,ResNet-50,seed43,FGSM,2.0,0.7893681043129388,1,results/malaria/resnet50/robustness/seed43/robustness_attacks_main_max1024.json
malaria,Malaria,resnet50,ResNet-50,seed43,FGSM,4.0,0.8776328986960883,1,results/malaria/resnet50/robustness/seed43/robustness_attacks_main_max1024.json
malaria,Malaria,resnet50,ResNet-50,seed43,FGSM,8.0,0.917753259779338,1,results/malaria/resnet50/robustness/seed43/robustness_attacks_main_max1024.json
malaria,Malaria,resnet50,ResNet-50,seed43,FGSM,16.0,0.9137412236710131,1,results/malaria/resnet50/robustness/seed43/robustness_attacks_main_max1024.json
malaria,Malaria,resnet50,ResNet-50,seed43,PGD,2.0,0.0,1,results/malaria/resnet50/robustness/seed43/robustness_attacks_main_max1024.json
malaria,Malaria,resnet50,ResNet-50,seed43,PGD,4.0,0.0,1,results/malaria/resnet50/robustness/seed43/robustness_attacks_main_max1024.json
malaria,Malaria,resnet50,ResNet-50,seed43,PGD,8.0,0.0,1,results/malaria/resnet50/robustness/seed43/robustness_attacks_main_max1024.json
malaria,Malaria,resnet50,ResNet-50,seed43,PGD,16.0,0.0,1,results/malaria/resnet50/robustness/seed43/robustness_attacks_main_max1024.json
malaria,Malaria,resnet50,ResNet-50,seed44,FGSM,0.1,0.9070227497527201,2,results/malaria/resnet50/robustness/seed44/robustness_attacks_fine_max1024.json;results/malaria/resnet50/robustness/seed44/robustness_attacks_fine_max1024.json
malaria,Malaria,resnet50,ResNet-50,seed44,FGSM,0.15,0.8793273986152325,1,results/malaria/resnet50/robustness/seed44/robustness_attacks_fine_max1024.json
malaria,Malaria,resnet50,ResNet-50,seed44,FGSM,0.2,0.8526211671612265,1,results/malaria/resnet50/robustness/seed44/robustness_attacks_fine_max1024.json
malaria,Malaria,resnet50,ResNet-50,seed44,FGSM,0.25,0.8288822947576657,1,results/malaria/resnet50/robustness/seed44/robustness_attacks_fine_max1024.json
malaria,Malaria,resnet50,ResNet-50,seed44,FGSM,0.5,0.7705242334322453,1,results/malaria/resnet50/robustness/seed44/robustness_attacks_fine_max1024.json
malaria,Malaria,resnet50,ResNet-50,seed44,FGSM,1.0,0.7655786350148368,2,results/malaria/resnet50/robustness/seed44/robustness_attacks_fine_max1024.json;results/malaria/resnet50/robustness/seed44/robustness_attacks_main_max1024.json
malaria,Malaria,resnet50,ResNet-50,seed44,PGD,0.1,0.7566765578635015,2,results/malaria/resnet50/robustness/seed44/robustness_attacks_fine_max1024.json;results/malaria/resnet50/robustness/seed44/robustness_attacks_fine_max1024.json
malaria,Malaria,resnet50,ResNet-50,seed44,PGD,0.15,0.5588526211671613,1,results/malaria/resnet50/robustness/seed44/robustness_attacks_fine_max1024.json
malaria,Malaria,resnet50,ResNet-50,seed44,PGD,0.2,0.3649851632047478,1,results/malaria/resnet50/robustness/seed44/robustness_attacks_fine_max1024.json
malaria,Malaria,resnet50,ResNet-50,seed44,PGD,0.25,0.20178041543026706,1,results/malaria/resnet50/robustness/seed44/robustness_attacks_fine_max1024.json
malaria,Malaria,resnet50,ResNet-50,seed44,PGD,0.5,0.004945598417408506,1,results/malaria/resnet50/robustness/seed44/robustness_attacks_fine_max1024.json
malaria,Malaria,resnet50,ResNet-50,seed44,PGD,1.0,0.0,2,results/malaria/resnet50/robustness/seed44/robustness_attacks_fine_max1024.json;results/malaria/resnet50/robustness/seed44/robustness_attacks_main_max1024.json
malaria,Malaria,resnet50,ResNet-50,seed44,FGSM,2.0,0.8259149357072205,1,results/malaria/resnet50/robustness/seed44/robustness_attacks_main_max1024.json
malaria,Malaria,resnet50,ResNet-50,seed44,FGSM,4.0,0.8793273986152325,1,results/malaria/resnet50/robustness/seed44/robustness_attacks_main_max1024.json
malaria,Malaria,resnet50,ResNet-50,seed44,FGSM,8.0,0.857566765578635,1,results/malaria/resnet50/robustness/seed44/robustness_attacks_main_max1024.json
malaria,Malaria,resnet50,ResNet-50,seed44,FGSM,16.0,0.7151335311572701,1,results/malaria/resnet50/robustness/seed44/robustness_attacks_main_max1024.json
malaria,Malaria,resnet50,ResNet-50,seed44,PGD,2.0,0.0,1,results/malaria/resnet50/robustness/seed44/robustness_attacks_main_max1024.json
malaria,Malaria,resnet50,ResNet-50,seed44,PGD,4.0,0.0,1,results/malaria/resnet50/robustness/seed44/robustness_attacks_main_max1024.json
malaria,Malaria,resnet50,ResNet-50,seed44,PGD,8.0,0.0,1,results/malaria/resnet50/robustness/seed44/robustness_attacks_main_max1024.json
malaria,Malaria,resnet50,ResNet-50,seed44,PGD,16.0,0.0,1,results/malaria/resnet50/robustness/seed44/robustness_attacks_main_max1024.json
malaria,Malaria,resnet101,ResNet-101,seed42,FGSM,0.1,0.9345417925478349,2,results/malaria/resnet101/robustness/seed42/robustness_attacks_fine_max1024.json;results/malaria/resnet101/robustness/seed42/robustness_attacks_fine_max1024.json
malaria,Malaria,resnet101,ResNet-101,seed42,FGSM,0.15,0.919436052366566,1,results/malaria/resnet101/robustness/seed42/robustness_attacks_fine_max1024.json
malaria,Malaria,resnet101,ResNet-101,seed42,FGSM,0.2,0.8982880161127895,1,results/malaria/resnet101/robustness/seed42/robustness_attacks_fine_max1024.json
malaria,Malaria,resnet101,ResNet-101,seed42,FGSM,0.25,0.8831822759315207,1,results/malaria/resnet101/robustness/seed42/robustness_attacks_fine_max1024.json
malaria,Malaria,resnet101,ResNet-101,seed42,FGSM,0.5,0.8449144008056395,1,results/malaria/resnet101/robustness/seed42/robustness_attacks_fine_max1024.json
malaria,Malaria,resnet101,ResNet-101,seed42,FGSM,1.0,0.8398791540785498,2,results/malaria/resnet101/robustness/seed42/robustness_attacks_fine_max1024.json;results/malaria/resnet101/robustness/seed42/robustness_attacks_main_max1024.json
malaria,Malaria,resnet101,ResNet-101,seed42,PGD,0.1,0.7421953675730111,2,results/malaria/resnet101/robustness/seed42/robustness_attacks_fine_max1024.json;results/malaria/resnet101/robustness/seed42/robustness_attacks_fine_max1024.json
malaria,Malaria,resnet101,ResNet-101,seed42,PGD,0.15,0.5780463242698892,1,results/malaria/resnet101/robustness/seed42/robustness_attacks_fine_max1024.json
malaria,Malaria,resnet101,ResNet-101,seed42,PGD,0.2,0.4310171198388721,1,results/malaria/resnet101/robustness/seed42/robustness_attacks_fine_max1024.json
malaria,Malaria,resnet101,ResNet-101,seed42,PGD,0.25,0.30916414904330314,1,results/malaria/resnet101/robustness/seed42/robustness_attacks_fine_max1024.json
malaria,Malaria,resnet101,ResNet-101,seed42,PGD,0.5,0.059415911379657606,1,results/malaria/resnet101/robustness/seed42/robustness_attacks_fine_max1024.json
malaria,Malaria,resnet101,ResNet-101,seed42,PGD,1.0,0.0030211480362537764,2,results/malaria/resnet101/robustness/seed42/robustness_attacks_fine_max1024.json;results/malaria/resnet101/robustness/seed42/robustness_attacks_main_max1024.json
malaria,Malaria,resnet101,ResNet-101,seed42,FGSM,2.0,0.8851963746223565,1,results/malaria/resnet101/robustness/seed42/robustness_attacks_main_max1024.json
malaria,Malaria,resnet101,ResNet-101,seed42,FGSM,4.0,0.9174219536757301,1,results/malaria/resnet101/robustness/seed42/robustness_attacks_main_max1024.json
malaria,Malaria,resnet101,ResNet-101,seed42,FGSM,8.0,0.8972809667673716,1,results/malaria/resnet101/robustness/seed42/robustness_attacks_main_max1024.json
malaria,Malaria,resnet101,ResNet-101,seed42,FGSM,16.0,0.7784491440080564,1,results/malaria/resnet101/robustness/seed42/robustness_attacks_main_max1024.json
malaria,Malaria,resnet101,ResNet-101,seed42,PGD,2.0,0.0,1,results/malaria/resnet101/robustness/seed42/robustness_attacks_main_max1024.json
malaria,Malaria,resnet101,ResNet-101,seed42,PGD,4.0,0.0,1,results/malaria/resnet101/robustness/seed42/robustness_attacks_main_max1024.json
malaria,Malaria,resnet101,ResNet-101,seed42,PGD,8.0,0.0,1,results/malaria/resnet101/robustness/seed42/robustness_attacks_main_max1024.json
malaria,Malaria,resnet101,ResNet-101,seed42,PGD,16.0,0.0,1,results/malaria/resnet101/robustness/seed42/robustness_attacks_main_max1024.json
malaria,Malaria,resnet101,ResNet-101,seed43,FGSM,0.1,0.8779011099899092,2,results/malaria/resnet101/robustness/seed43/robustness_attacks_fine_max1024.json;results/malaria/resnet101/robustness/seed43/robustness_attacks_fine_max1024.json
malaria,Malaria,resnet101,ResNet-101,seed43,FGSM,0.15,0.8446014127144299,1,results/malaria/resnet101/robustness/seed43/robustness_attacks_fine_max1024.json
malaria,Malaria,resnet101,ResNet-101,seed43,FGSM,0.2,0.8032290615539859,1,results/malaria/resnet101/robustness/seed43/robustness_attacks_fine_max1024.json
malaria,Malaria,resnet101,ResNet-101,seed43,FGSM,0.25,0.7800201816347124,1,results/malaria/resnet101/robustness/seed43/robustness_attacks_fine_max1024.json
malaria,Malaria,resnet101,ResNet-101,seed43,FGSM,0.5,0.739656912209889,1,results/malaria/resnet101/robustness/seed43/robustness_attacks_fine_max1024.json
malaria,Malaria,resnet101,ResNet-101,seed43,FGSM,1.0,0.7588294651866802,2,results/malaria/resnet101/robustness/seed43/robustness_attacks_fine_max1024.json;results/malaria/resnet101/robustness/seed43/robustness_attacks_main_max1024.json
malaria,Malaria,resnet101,ResNet-101,seed43,PGD,0.1,0.5489404641775983,2,results/malaria/resnet101/robustness/seed43/robustness_attacks_fine_max1024.json;results/malaria/resnet101/robustness/seed43/robustness_attacks_fine_max1024.json
malaria,Malaria,resnet101,ResNet-101,seed43,PGD,0.15,0.30171543895055497,1,results/malaria/resnet101/robustness/seed43/robustness_attacks_fine_max1024.json
malaria,Malaria,resnet101,ResNet-101,seed43,PGD,0.2,0.16044399596367306,1,results/malaria/resnet101/robustness/seed43/robustness_attacks_fine_max1024.json
malaria,Malaria,resnet101,ResNet-101,seed43,PGD,0.25,0.07870837537840565,1,results/malaria/resnet101/robustness/seed43/robustness_attacks_fine_max1024.json
malaria,Malaria,resnet101,ResNet-101,seed43,PGD,0.5,0.0010090817356205853,1,results/malaria/resnet101/robustness/seed43/robustness_attacks_fine_max1024.json
malaria,Malaria,resnet101,ResNet-101,seed43,PGD,1.0,0.0,2,results/malaria/resnet101/robustness/seed43/robustness_attacks_fine_max1024.json;results/malaria/resnet101/robustness/seed43/robustness_attacks_main_max1024.json
malaria,Malaria,resnet101,ResNet-101,seed43,FGSM,2.0,0.856710393541877,1,results/malaria/resnet101/robustness/seed43/robustness_attacks_main_max1024.json
malaria,Malaria,resnet101,ResNet-101,seed43,FGSM,4.0,0.9404641775983855,1,results/malaria/resnet101/robustness/seed43/robustness_attacks_main_max1024.json
malaria,Malaria,resnet101,ResNet-101,seed43,FGSM,8.0,0.9455095862764884,1,results/malaria/resnet101/robustness/seed43/robustness_attacks_main_max1024.json
malaria,Malaria,resnet101,ResNet-101,seed43,FGSM,16.0,0.4399596367305752,1,results/malaria/resnet101/robustness/seed43/robustness_attacks_main_max1024.json
malaria,Malaria,resnet101,ResNet-101,seed43,PGD,2.0,0.0,1,results/malaria/resnet101/robustness/seed43/robustness_attacks_main_max1024.json
malaria,Malaria,resnet101,ResNet-101,seed43,PGD,4.0,0.0,1,results/malaria/resnet101/robustness/seed43/robustness_attacks_main_max1024.json
malaria,Malaria,resnet101,ResNet-101,seed43,PGD,8.0,0.0,1,results/malaria/resnet101/robustness/seed43/robustness_attacks_main_max1024.json
malaria,Malaria,resnet101,ResNet-101,seed43,PGD,16.0,0.0,1,results/malaria/resnet101/robustness/seed43/robustness_attacks_main_max1024.json
malaria,Malaria,resnet101,ResNet-101,seed44,FGSM,0.1,0.9484638255698712,2,results/malaria/resnet101/robustness/seed44/robustness_attacks_fine_max1024.json;results/malaria/resnet101/robustness/seed44/robustness_attacks_fine_max1024.json
malaria,Malaria,resnet101,ResNet-101,seed44,FGSM,0.15,0.9365708622398414,1,results/malaria/resnet101/robustness/seed44/robustness_attacks_fine_max1024.json
malaria,Malaria,resnet101,ResNet-101,seed44,FGSM,0.2,0.931615460852329,1,results/malaria/resnet101/robustness/seed44/robustness_attacks_fine_max1024.json
malaria,Malaria,resnet101,ResNet-101,seed44,FGSM,0.25,0.9226957383548068,1,results/malaria/resnet101/robustness/seed44/robustness_attacks_fine_max1024.json
malaria,Malaria,resnet101,ResNet-101,seed44,FGSM,0.5,0.9157581764122894,1,results/malaria/resnet101/robustness/seed44/robustness_attacks_fine_max1024.json
malaria,Malaria,resnet101,ResNet-101,seed44,FGSM,1.0,0.9435084241823588,2,results/malaria/resnet101/robustness/seed44/robustness_attacks_fine_max1024.json;results/malaria/resnet101/robustness/seed44/robustness_attacks_main_max1024.json
malaria,Malaria,resnet101,ResNet-101,seed44,PGD,0.1,0.6402378592666006,2,results/malaria/resnet101/robustness/seed44/robustness_attacks_fine_max1024.json;results/malaria/resnet101/robustness/seed44/robustness_attacks_fine_max1024.json
malaria,Malaria,resnet101,ResNet-101,seed44,PGD,0.15,0.41427155599603566,1,results/malaria/resnet101/robustness/seed44/robustness_attacks_fine_max1024.json
malaria,Malaria,resnet101,ResNet-101,seed44,PGD,0.2,0.2358771060455897,1,results/malaria/resnet101/robustness/seed44/robustness_attacks_fine_max1024.json
malaria,Malaria,resnet101,ResNet-101,seed44,PGD,0.25,0.14073339940535184,1,results/malaria/resnet101/robustness/seed44/robustness_attacks_fine_max1024.json
malaria,Malaria,resnet101,ResNet-101,seed44,PGD,0.5,0.019821605550049554,1,results/malaria/resnet101/robustness/seed44/robustness_attacks_fine_max1024.json
malaria,Malaria,resnet101,ResNet-101,seed44,PGD,1.0,0.0009910802775024777,2,results/malaria/resnet101/robustness/seed44/robustness_attacks_fine_max1024.json;results/malaria/resnet101/robustness/seed44/robustness_attacks_main_max1024.json
malaria,Malaria,resnet101,ResNet-101,seed44,FGSM,2.0,0.977205153617443,1,results/malaria/resnet101/robustness/seed44/robustness_attacks_main_max1024.json
malaria,Malaria,resnet101,ResNet-101,seed44,FGSM,4.0,0.9841427155599604,1,results/malaria/resnet101/robustness/seed44/robustness_attacks_main_max1024.json
malaria,Malaria,resnet101,ResNet-101,seed44,FGSM,8.0,0.9573835480673935,1,results/malaria/resnet101/robustness/seed44/robustness_attacks_main_max1024.json
malaria,Malaria,resnet101,ResNet-101,seed44,FGSM,16.0,0.5887016848364718,1,results/malaria/resnet101/robustness/seed44/robustness_attacks_main_max1024.json
malaria,Malaria,resnet101,ResNet-101,seed44,PGD,2.0,0.0,1,results/malaria/resnet101/robustness/seed44/robustness_attacks_main_max1024.json
malaria,Malaria,resnet101,ResNet-101,seed44,PGD,4.0,0.0,1,results/malaria/resnet101/robustness/seed44/robustness_attacks_main_max1024.json
malaria,Malaria,resnet101,ResNet-101,seed44,PGD,8.0,0.0,1,results/malaria/resnet101/robustness/seed44/robustness_attacks_main_max1024.json
malaria,Malaria,resnet101,ResNet-101,seed44,PGD,16.0,0.0009910802775024777,1,results/malaria/resnet101/robustness/seed44/robustness_attacks_main_max1024.json
malaria,Malaria,resnet152,ResNet-152,seed42,FGSM,0.1,0.9737638748738647,2,results/malaria/resnet152/robustness/seed42/robustness_attacks_fine_max1024.json;results/malaria/resnet152/robustness/seed42/robustness_attacks_fine_max1024.json
malaria,Malaria,resnet152,ResNet-152,seed42,FGSM,0.15,0.958627648839556,1,results/malaria/resnet152/robustness/seed42/robustness_attacks_fine_max1024.json
malaria,Malaria,resnet152,ResNet-152,seed42,FGSM,0.2,0.9475277497477296,1,results/malaria/resnet152/robustness/seed42/robustness_attacks_fine_max1024.json
malaria,Malaria,resnet152,ResNet-152,seed42,FGSM,0.25,0.9303733602421796,1,results/malaria/resnet152/robustness/seed42/robustness_attacks_fine_max1024.json
malaria,Malaria,resnet152,ResNet-152,seed42,FGSM,0.5,0.8940464177598385,1,results/malaria/resnet152/robustness/seed42/robustness_attacks_fine_max1024.json
malaria,Malaria,resnet152,ResNet-152,seed42,FGSM,1.0,0.8597376387487387,2,results/malaria/resnet152/robustness/seed42/robustness_attacks_fine_max1024.json;results/malaria/resnet152/robustness/seed42/robustness_attacks_main_max1024.json
malaria,Malaria,resnet152,ResNet-152,seed42,PGD,0.1,0.941473259334006,2,results/malaria/resnet152/robustness/seed42/robustness_attacks_fine_max1024.json;results/malaria/resnet152/robustness/seed42/robustness_attacks_fine_max1024.json
malaria,Malaria,resnet152,ResNet-152,seed42,PGD,0.15,0.8900100908173562,1,results/malaria/resnet152/robustness/seed42/robustness_attacks_fine_max1024.json
malaria,Malaria,resnet152,ResNet-152,seed42,PGD,0.2,0.8173562058526741,1,results/malaria/resnet152/robustness/seed42/robustness_attacks_fine_max1024.json
malaria,Malaria,resnet152,ResNet-152,seed42,PGD,0.25,0.7467204843592331,1,results/malaria/resnet152/robustness/seed42/robustness_attacks_fine_max1024.json
malaria,Malaria,resnet152,ResNet-152,seed42,PGD,0.5,0.3773965691220989,1,results/malaria/resnet152/robustness/seed42/robustness_attacks_fine_max1024.json
malaria,Malaria,resnet152,ResNet-152,seed42,PGD,1.0,0.06357214934409687,2,results/malaria/resnet152/robustness/seed42/robustness_attacks_fine_max1024.json;results/malaria/resnet152/robustness/seed42/robustness_attacks_main_max1024.json
malaria,Malaria,resnet152,ResNet-152,seed42,FGSM,2.0,0.8395560040363269,1,results/malaria/resnet152/robustness/seed42/robustness_attacks_main_max1024.json
malaria,Malaria,resnet152,ResNet-152,seed42,FGSM,4.0,0.8607467204843592,1,results/malaria/resnet152/robustness/seed42/robustness_attacks_main_max1024.json
malaria,Malaria,resnet152,ResNet-152,seed42,FGSM,8.0,0.875882946518668,1,results/malaria/resnet152/robustness/seed42/robustness_attacks_main_max1024.json
malaria,Malaria,resnet152,ResNet-152,seed42,FGSM,16.0,0.739656912209889,1,results/malaria/resnet152/robustness/seed42/robustness_attacks_main_max1024.json
malaria,Malaria,resnet152,ResNet-152,seed42,PGD,2.0,0.0030272452068617556,1,results/malaria/resnet152/robustness/seed42/robustness_attacks_main_max1024.json
malaria,Malaria,resnet152,ResNet-152,seed42,PGD,4.0,0.0,1,results/malaria/resnet152/robustness/seed42/robustness_attacks_main_max1024.json
malaria,Malaria,resnet152,ResNet-152,seed42,PGD,8.0,0.0,1,results/malaria/resnet152/robustness/seed42/robustness_attacks_main_max1024.json
malaria,Malaria,resnet152,ResNet-152,seed42,PGD,16.0,0.0,1,results/malaria/resnet152/robustness/seed42/robustness_attacks_main_max1024.json
malaria,Malaria,resnet152,ResNet-152,seed43,FGSM,0.1,0.9575328614762386,2,results/malaria/resnet152/robustness/seed43/robustness_attacks_fine_max1024.json;results/malaria/resnet152/robustness/seed43/robustness_attacks_fine_max1024.json
malaria,Malaria,resnet152,ResNet-152,seed43,FGSM,0.15,0.942366026289181,1,results/malaria/resnet152/robustness/seed43/robustness_attacks_fine_max1024.json
malaria,Malaria,resnet152,ResNet-152,seed43,FGSM,0.2,0.9271991911021233,1,results/malaria/resnet152/robustness/seed43/robustness_attacks_fine_max1024.json
malaria,Malaria,resnet152,ResNet-152,seed43,FGSM,0.25,0.9110212335692619,1,results/malaria/resnet152/robustness/seed43/robustness_attacks_fine_max1024.json
malaria,Malaria,resnet152,ResNet-152,seed43,FGSM,0.5,0.839231547017189,1,results/malaria/resnet152/robustness/seed43/robustness_attacks_fine_max1024.json
malaria,Malaria,resnet152,ResNet-152,seed43,FGSM,1.0,0.782608695652174,2,results/malaria/resnet152/robustness/seed43/robustness_attacks_fine_max1024.json;results/malaria/resnet152/robustness/seed43/robustness_attacks_main_max1024.json
malaria,Malaria,resnet152,ResNet-152,seed43,PGD,0.1,0.9413549039433772,2,results/malaria/resnet152/robustness/seed43/robustness_attacks_fine_max1024.json;results/malaria/resnet152/robustness/seed43/robustness_attacks_fine_max1024.json
malaria,Malaria,resnet152,ResNet-152,seed43,PGD,0.15,0.8877654196157735,1,results/malaria/resnet152/robustness/seed43/robustness_attacks_fine_max1024.json
malaria,Malaria,resnet152,ResNet-152,seed43,PGD,0.2,0.8281092012133469,1,results/malaria/resnet152/robustness/seed43/robustness_attacks_fine_max1024.json
malaria,Malaria,resnet152,ResNet-152,seed43,PGD,0.25,0.7593528816986855,1,results/malaria/resnet152/robustness/seed43/robustness_attacks_fine_max1024.json
malaria,Malaria,resnet152,ResNet-152,seed43,PGD,0.5,0.3569261880687563,1,results/malaria/resnet152/robustness/seed43/robustness_attacks_fine_max1024.json
malaria,Malaria,resnet152,ResNet-152,seed43,PGD,1.0,0.03741152679474216,2,results/malaria/resnet152/robustness/seed43/robustness_attacks_fine_max1024.json;results/malaria/resnet152/robustness/seed43/robustness_attacks_main_max1024.json
malaria,Malaria,resnet152,ResNet-152,seed43,FGSM,2.0,0.7714863498483316,1,results/malaria/resnet152/robustness/seed43/robustness_attacks_main_max1024.json
malaria,Malaria,resnet152,ResNet-152,seed43,FGSM,4.0,0.8018200202224469,1,results/malaria/resnet152/robustness/seed43/robustness_attacks_main_max1024.json
malaria,Malaria,resnet152,ResNet-152,seed43,FGSM,8.0,0.8200202224469161,1,results/malaria/resnet152/robustness/seed43/robustness_attacks_main_max1024.json
malaria,Malaria,resnet152,ResNet-152,seed43,FGSM,16.0,0.7745197168857432,1,results/malaria/resnet152/robustness/seed43/robustness_attacks_main_max1024.json
malaria,Malaria,resnet152,ResNet-152,seed43,PGD,2.0,0.0010111223458038423,1,results/malaria/resnet152/robustness/seed43/robustness_attacks_main_max1024.json
malaria,Malaria,resnet152,ResNet-152,seed43,PGD,4.0,0.0,1,results/malaria/resnet152/robustness/seed43/robustness_attacks_main_max1024.json
malaria,Malaria,resnet152,ResNet-152,seed43,PGD,8.0,0.0,1,results/malaria/resnet152/robustness/seed43/robustness_attacks_main_max1024.json
malaria,Malaria,resnet152,ResNet-152,seed43,PGD,16.0,0.0,1,results/malaria/resnet152/robustness/seed43/robustness_attacks_main_max1024.json
malaria,Malaria,resnet152,ResNet-152,seed44,FGSM,0.1,0.981243830207305,2,results/malaria/resnet152/robustness/seed44/robustness_attacks_fine_max1024.json;results/malaria/resnet152/robustness/seed44/robustness_attacks_fine_max1024.json
malaria,Malaria,resnet152,ResNet-152,seed44,FGSM,0.15,0.9733464955577492,1,results/malaria/resnet152/robustness/seed44/robustness_attacks_fine_max1024.json
malaria,Malaria,resnet152,ResNet-152,seed44,FGSM,0.2,0.9634748272458046,1,results/malaria/resnet152/robustness/seed44/robustness_attacks_fine_max1024.json
malaria,Malaria,resnet152,ResNet-152,seed44,FGSM,0.25,0.9447186574531096,1,results/malaria/resnet152/robustness/seed44/robustness_attacks_fine_max1024.json
malaria,Malaria,resnet152,ResNet-152,seed44,FGSM,0.5,0.9002961500493584,1,results/malaria/resnet152/robustness/seed44/robustness_attacks_fine_max1024.json
malaria,Malaria,resnet152,ResNet-152,seed44,FGSM,1.0,0.8538993089832182,2,results/malaria/resnet152/robustness/seed44/robustness_attacks_fine_max1024.json;results/malaria/resnet152/robustness/seed44/robustness_attacks_main_max1024.json
malaria,Malaria,resnet152,ResNet-152,seed44,PGD,0.1,0.9693978282329714,2,results/malaria/resnet152/robustness/seed44/robustness_attacks_fine_max1024.json;results/malaria/resnet152/robustness/seed44/robustness_attacks_fine_max1024.json
malaria,Malaria,resnet152,ResNet-152,seed44,PGD,0.15,0.928923988153998,1,results/malaria/resnet152/robustness/seed44/robustness_attacks_fine_max1024.json
malaria,Malaria,resnet152,ResNet-152,seed44,PGD,0.2,0.8973346495557749,1,results/malaria/resnet152/robustness/seed44/robustness_attacks_fine_max1024.json
malaria,Malaria,resnet152,ResNet-152,seed44,PGD,0.25,0.8400789733464955,1,results/malaria/resnet152/robustness/seed44/robustness_attacks_fine_max1024.json
malaria,Malaria,resnet152,ResNet-152,seed44,PGD,0.5,0.47581441263573543,1,results/malaria/resnet152/robustness/seed44/robustness_attacks_fine_max1024.json
malaria,Malaria,resnet152,ResNet-152,seed44,PGD,1.0,0.0384995064165844,2,results/malaria/resnet152/robustness/seed44/robustness_attacks_fine_max1024.json;results/malaria/resnet152/robustness/seed44/robustness_attacks_main_max1024.json
malaria,Malaria,resnet152,ResNet-152,seed44,FGSM,2.0,0.8371174728529122,1,results/malaria/resnet152/robustness/seed44/robustness_attacks_main_max1024.json
malaria,Malaria,resnet152,ResNet-152,seed44,FGSM,4.0,0.8657453109575518,1,results/malaria/resnet152/robustness/seed44/robustness_attacks_main_max1024.json
malaria,Malaria,resnet152,ResNet-152,seed44,FGSM,8.0,0.8558736426456071,1,results/malaria/resnet152/robustness/seed44/robustness_attacks_main_max1024.json
malaria,Malaria,resnet152,ResNet-152,seed44,FGSM,16.0,0.7877591312931885,1,results/malaria/resnet152/robustness/seed44/robustness_attacks_main_max1024.json
malaria,Malaria,resnet152,ResNet-152,seed44,PGD,2.0,0.0,1,results/malaria/resnet152/robustness/seed44/robustness_attacks_main_max1024.json
malaria,Malaria,resnet152,ResNet-152,seed44,PGD,4.0,0.0,1,results/malaria/resnet152/robustness/seed44/robustness_attacks_main_max1024.json
malaria,Malaria,resnet152,ResNet-152,seed44,PGD,8.0,0.0,1,results/malaria/resnet152/robustness/seed44/robustness_attacks_main_max1024.json
malaria,Malaria,resnet152,ResNet-152,seed44,PGD,16.0,0.0,1,results/malaria/resnet152/robustness/seed44/robustness_attacks_main_max1024.json
oct2017,OCT,resnet18,ResNet-18,seed42,FGSM,0.1,0.8908523908523909,2,results/oct2017/resnet18/robustness/seed42/robustness_attacks_fine_max1024.json;results/oct2017/resnet18/robustness/seed42/robustness_attacks_fine_max1024.json
oct2017,OCT,resnet18,ResNet-18,seed42,FGSM,0.15,0.8440748440748441,1,results/oct2017/resnet18/robustness/seed42/robustness_attacks_fine_max1024.json
oct2017,OCT,resnet18,ResNet-18,seed42,FGSM,0.2,0.7941787941787942,1,results/oct2017/resnet18/robustness/seed42/robustness_attacks_fine_max1024.json
oct2017,OCT,resnet18,ResNet-18,seed42,FGSM,0.25,0.7567567567567568,1,results/oct2017/resnet18/robustness/seed42/robustness_attacks_fine_max1024.json
oct2017,OCT,resnet18,ResNet-18,seed42,FGSM,0.5,0.6403326403326404,1,results/oct2017/resnet18/robustness/seed42/robustness_attacks_fine_max1024.json
oct2017,OCT,resnet18,ResNet-18,seed42,FGSM,1.0,0.5623700623700624,2,results/oct2017/resnet18/robustness/seed42/robustness_attacks_fine_max1024.json;results/oct2017/resnet18/robustness/seed42/robustness_attacks_main_max1024.json
oct2017,OCT,resnet18,ResNet-18,seed42,PGD,0.1,0.5634095634095634,2,results/oct2017/resnet18/robustness/seed42/robustness_attacks_fine_max1024.json;results/oct2017/resnet18/robustness/seed42/robustness_attacks_fine_max1024.json
oct2017,OCT,resnet18,ResNet-18,seed42,PGD,0.15,0.3004158004158004,1,results/oct2017/resnet18/robustness/seed42/robustness_attacks_fine_max1024.json
oct2017,OCT,resnet18,ResNet-18,seed42,PGD,0.2,0.15176715176715178,1,results/oct2017/resnet18/robustness/seed42/robustness_attacks_fine_max1024.json
oct2017,OCT,resnet18,ResNet-18,seed42,PGD,0.25,0.07796257796257797,1,results/oct2017/resnet18/robustness/seed42/robustness_attacks_fine_max1024.json
oct2017,OCT,resnet18,ResNet-18,seed42,PGD,0.5,0.005197505197505198,1,results/oct2017/resnet18/robustness/seed42/robustness_attacks_fine_max1024.json
oct2017,OCT,resnet18,ResNet-18,seed42,PGD,1.0,0.0,2,results/oct2017/resnet18/robustness/seed42/robustness_attacks_fine_max1024.json;results/oct2017/resnet18/robustness/seed42/robustness_attacks_main_max1024.json
oct2017,OCT,resnet18,ResNet-18,seed42,FGSM,2.0,0.5446985446985447,1,results/oct2017/resnet18/robustness/seed42/robustness_attacks_main_max1024.json
oct2017,OCT,resnet18,ResNet-18,seed42,FGSM,4.0,0.5498960498960499,1,results/oct2017/resnet18/robustness/seed42/robustness_attacks_main_max1024.json
oct2017,OCT,resnet18,ResNet-18,seed42,FGSM,8.0,0.3627858627858628,1,results/oct2017/resnet18/robustness/seed42/robustness_attacks_main_max1024.json
oct2017,OCT,resnet18,ResNet-18,seed42,FGSM,16.0,0.2505197505197505,1,results/oct2017/resnet18/robustness/seed42/robustness_attacks_main_max1024.json
oct2017,OCT,resnet18,ResNet-18,seed42,PGD,2.0,0.0,1,results/oct2017/resnet18/robustness/seed42/robustness_attacks_main_max1024.json
oct2017,OCT,resnet18,ResNet-18,seed42,PGD,4.0,0.0,1,results/oct2017/resnet18/robustness/seed42/robustness_attacks_main_max1024.json
oct2017,OCT,resnet18,ResNet-18,seed42,PGD,8.0,0.0,1,results/oct2017/resnet18/robustness/seed42/robustness_attacks_main_max1024.json
oct2017,OCT,resnet18,ResNet-18,seed42,PGD,16.0,0.0,1,results/oct2017/resnet18/robustness/seed42/robustness_attacks_main_max1024.json
oct2017,OCT,resnet18,ResNet-18,seed43,FGSM,0.1,0.8267634854771784,2,results/oct2017/resnet18/robustness/seed43/robustness_attacks_fine_max1024.json;results/oct2017/resnet18/robustness/seed43/robustness_attacks_fine_max1024.json
oct2017,OCT,resnet18,ResNet-18,seed43,FGSM,0.15,0.7396265560165975,1,results/oct2017/resnet18/robustness/seed43/robustness_attacks_fine_max1024.json
oct2017,OCT,resnet18,ResNet-18,seed43,FGSM,0.2,0.6846473029045643,1,results/oct2017/resnet18/robustness/seed43/robustness_attacks_fine_max1024.json
oct2017,OCT,resnet18,ResNet-18,seed43,FGSM,0.25,0.6462655601659751,1,results/oct2017/resnet18/robustness/seed43/robustness_attacks_fine_max1024.json
oct2017,OCT,resnet18,ResNet-18,seed43,FGSM,0.5,0.5726141078838174,1,results/oct2017/resnet18/robustness/seed43/robustness_attacks_fine_max1024.json
oct2017,OCT,resnet18,ResNet-18,seed43,FGSM,1.0,0.5549792531120332,2,results/oct2017/resnet18/robustness/seed43/robustness_attacks_fine_max1024.json;results/oct2017/resnet18/robustness/seed43/robustness_attacks_main_max1024.json
oct2017,OCT,resnet18,ResNet-18,seed43,PGD,0.1,0.38381742738589214,2,results/oct2017/resnet18/robustness/seed43/robustness_attacks_fine_max1024.json;results/oct2017/resnet18/robustness/seed43/robustness_attacks_fine_max1024.json
oct2017,OCT,resnet18,ResNet-18,seed43,PGD,0.15,0.1078838174273859,1,results/oct2017/resnet18/robustness/seed43/robustness_attacks_fine_max1024.json
oct2017,OCT,resnet18,ResNet-18,seed43,PGD,0.2,0.03112033195020747,1,results/oct2017/resnet18/robustness/seed43/robustness_attacks_fine_max1024.json
oct2017,OCT,resnet18,ResNet-18,seed43,PGD,0.25,0.015560165975103735,1,results/oct2017/resnet18/robustness/seed43/robustness_attacks_fine_max1024.json
oct2017,OCT,resnet18,ResNet-18,seed43,PGD,0.5,0.0,1,results/oct2017/resnet18/robustness/seed43/robustness_attacks_fine_max1024.json
oct2017,OCT,resnet18,ResNet-18,seed43,PGD,1.0,0.0,2,results/oct2017/resnet18/robustness/seed43/robustness_attacks_fine_max1024.json;results/oct2017/resnet18/robustness/seed43/robustness_attacks_main_max1024.json
oct2017,OCT,resnet18,ResNet-18,seed43,FGSM,2.0,0.5736514522821576,1,results/oct2017/resnet18/robustness/seed43/robustness_attacks_main_max1024.json
oct2017,OCT,resnet18,ResNet-18,seed43,FGSM,4.0,0.6016597510373444,1,results/oct2017/resnet18/robustness/seed43/robustness_attacks_main_max1024.json
oct2017,OCT,resnet18,ResNet-18,seed43,FGSM,8.0,0.5560165975103735,1,results/oct2017/resnet18/robustness/seed43/robustness_attacks_main_max1024.json
oct2017,OCT,resnet18,ResNet-18,seed43,FGSM,16.0,0.2479253112033195,1,results/oct2017/resnet18/robustness/seed43/robustness_attacks_main_max1024.json
oct2017,OCT,resnet18,ResNet-18,seed43,PGD,2.0,0.0,1,results/oct2017/resnet18/robustness/seed43/robustness_attacks_main_max1024.json
oct2017,OCT,resnet18,ResNet-18,seed43,PGD,4.0,0.0,1,results/oct2017/resnet18/robustness/seed43/robustness_attacks_main_max1024.json
oct2017,OCT,resnet18,ResNet-18,seed43,PGD,8.0,0.0,1,results/oct2017/resnet18/robustness/seed43/robustness_attacks_main_max1024.json
oct2017,OCT,resnet18,ResNet-18,seed43,PGD,16.0,0.0,1,results/oct2017/resnet18/robustness/seed43/robustness_attacks_main_max1024.json
oct2017,OCT,resnet18,ResNet-18,seed44,FGSM,0.1,0.8746113989637305,2,results/oct2017/resnet18/robustness/seed44/robustness_attacks_fine_max1024.json;results/oct2017/resnet18/robustness/seed44/robustness_attacks_fine_max1024.json
oct2017,OCT,resnet18,ResNet-18,seed44,FGSM,0.15,0.8010362694300518,1,results/oct2017/resnet18/robustness/seed44/robustness_attacks_fine_max1024.json
oct2017,OCT,resnet18,ResNet-18,seed44,FGSM,0.2,0.7419689119170985,1,results/oct2017/resnet18/robustness/seed44/robustness_attacks_fine_max1024.json
oct2017,OCT,resnet18,ResNet-18,seed44,FGSM,0.25,0.6984455958549223,1,results/oct2017/resnet18/robustness/seed44/robustness_attacks_fine_max1024.json
oct2017,OCT,resnet18,ResNet-18,seed44,FGSM,0.5,0.5761658031088083,1,results/oct2017/resnet18/robustness/seed44/robustness_attacks_fine_max1024.json
oct2017,OCT,resnet18,ResNet-18,seed44,FGSM,1.0,0.5398963730569948,2,results/oct2017/resnet18/robustness/seed44/robustness_attacks_fine_max1024.json;results/oct2017/resnet18/robustness/seed44/robustness_attacks_main_max1024.json
oct2017,OCT,resnet18,ResNet-18,seed44,PGD,0.1,0.47461139896373056,2,results/oct2017/resnet18/robustness/seed44/robustness_attacks_fine_max1024.json;results/oct2017/resnet18/robustness/seed44/robustness_attacks_fine_max1024.json
oct2017,OCT,resnet18,ResNet-18,seed44,PGD,0.15,0.16062176165803108,1,results/oct2017/resnet18/robustness/seed44/robustness_attacks_fine_max1024.json
oct2017,OCT,resnet18,ResNet-18,seed44,PGD,0.2,0.04870466321243523,1,results/oct2017/resnet18/robustness/seed44/robustness_attacks_fine_max1024.json
oct2017,OCT,resnet18,ResNet-18,seed44,PGD,0.25,0.01865284974093264,1,results/oct2017/resnet18/robustness/seed44/robustness_attacks_fine_max1024.json
oct2017,OCT,resnet18,ResNet-18,seed44,PGD,0.5,0.0,1,results/oct2017/resnet18/robustness/seed44/robustness_attacks_fine_max1024.json
oct2017,OCT,resnet18,ResNet-18,seed44,PGD,1.0,0.0,2,results/oct2017/resnet18/robustness/seed44/robustness_attacks_fine_max1024.json;results/oct2017/resnet18/robustness/seed44/robustness_attacks_main_max1024.json
oct2017,OCT,resnet18,ResNet-18,seed44,FGSM,2.0,0.5430051813471503,1,results/oct2017/resnet18/robustness/seed44/robustness_attacks_main_max1024.json
oct2017,OCT,resnet18,ResNet-18,seed44,FGSM,4.0,0.6103626943005181,1,results/oct2017/resnet18/robustness/seed44/robustness_attacks_main_max1024.json
oct2017,OCT,resnet18,ResNet-18,seed44,FGSM,8.0,0.6186528497409326,1,results/oct2017/resnet18/robustness/seed44/robustness_attacks_main_max1024.json
oct2017,OCT,resnet18,ResNet-18,seed44,FGSM,16.0,0.30984455958549223,1,results/oct2017/resnet18/robustness/seed44/robustness_attacks_main_max1024.json
oct2017,OCT,resnet18,ResNet-18,seed44,PGD,2.0,0.0,1,results/oct2017/resnet18/robustness/seed44/robustness_attacks_main_max1024.json
oct2017,OCT,resnet18,ResNet-18,seed44,PGD,4.0,0.0,1,results/oct2017/resnet18/robustness/seed44/robustness_attacks_main_max1024.json
oct2017,OCT,resnet18,ResNet-18,seed44,PGD,8.0,0.0,1,results/oct2017/resnet18/robustness/seed44/robustness_attacks_main_max1024.json
oct2017,OCT,resnet18,ResNet-18,seed44,PGD,16.0,0.0,1,results/oct2017/resnet18/robustness/seed44/robustness_attacks_main_max1024.json
oct2017,OCT,resnet34,ResNet-34,seed42,FGSM,0.1,0.9264248704663213,2,results/oct2017/resnet34/robustness/seed42/robustness_attacks_fine_max1024.json;results/oct2017/resnet34/robustness/seed42/robustness_attacks_fine_max1024.json
oct2017,OCT,resnet34,ResNet-34,seed42,FGSM,0.15,0.894300518134715,1,results/oct2017/resnet34/robustness/seed42/robustness_attacks_fine_max1024.json
oct2017,OCT,resnet34,ResNet-34,seed42,FGSM,0.2,0.8694300518134715,1,results/oct2017/resnet34/robustness/seed42/robustness_attacks_fine_max1024.json
oct2017,OCT,resnet34,ResNet-34,seed42,FGSM,0.25,0.8538860103626943,1,results/oct2017/resnet34/robustness/seed42/robustness_attacks_fine_max1024.json
oct2017,OCT,resnet34,ResNet-34,seed42,FGSM,0.5,0.783419689119171,1,results/oct2017/resnet34/robustness/seed42/robustness_attacks_fine_max1024.json
oct2017,OCT,resnet34,ResNet-34,seed42,FGSM,1.0,0.7450777202072539,2,results/oct2017/resnet34/robustness/seed42/robustness_attacks_fine_max1024.json;results/oct2017/resnet34/robustness/seed42/robustness_attacks_main_max1024.json
oct2017,OCT,resnet34,ResNet-34,seed42,PGD,0.1,0.46113989637305697,2,results/oct2017/resnet34/robustness/seed42/robustness_attacks_fine_max1024.json;results/oct2017/resnet34/robustness/seed42/robustness_attacks_fine_max1024.json
oct2017,OCT,resnet34,ResNet-34,seed42,PGD,0.15,0.22383419689119172,1,results/oct2017/resnet34/robustness/seed42/robustness_attacks_fine_max1024.json
oct2017,OCT,resnet34,ResNet-34,seed42,PGD,0.2,0.12435233160621761,1,results/oct2017/resnet34/robustness/seed42/robustness_attacks_fine_max1024.json
oct2017,OCT,resnet34,ResNet-34,seed42,PGD,0.25,0.06321243523316063,1,results/oct2017/resnet34/robustness/seed42/robustness_attacks_fine_max1024.json
oct2017,OCT,resnet34,ResNet-34,seed42,PGD,0.5,0.007253886010362694,1,results/oct2017/resnet34/robustness/seed42/robustness_attacks_fine_max1024.json
oct2017,OCT,resnet34,ResNet-34,seed42,PGD,1.0,0.0,2,results/oct2017/resnet34/robustness/seed42/robustness_attacks_fine_max1024.json;results/oct2017/resnet34/robustness/seed42/robustness_attacks_main_max1024.json
oct2017,OCT,resnet34,ResNet-34,seed42,FGSM,2.0,0.6860103626943005,1,results/oct2017/resnet34/robustness/seed42/robustness_attacks_main_max1024.json
oct2017,OCT,resnet34,ResNet-34,seed42,FGSM,4.0,0.6259067357512953,1,results/oct2017/resnet34/robustness/seed42/robustness_attacks_main_max1024.json
oct2017,OCT,resnet34,ResNet-34,seed42,FGSM,8.0,0.6051813471502591,1,results/oct2017/resnet34/robustness/seed42/robustness_attacks_main_max1024.json
oct2017,OCT,resnet34,ResNet-34,seed42,FGSM,16.0,0.32849740932642485,1,results/oct2017/resnet34/robustness/seed42/robustness_attacks_main_max1024.json
oct2017,OCT,resnet34,ResNet-34,seed42,PGD,2.0,0.0,1,results/oct2017/resnet34/robustness/seed42/robustness_attacks_main_max1024.json
oct2017,OCT,resnet34,ResNet-34,seed42,PGD,4.0,0.0,1,results/oct2017/resnet34/robustness/seed42/robustness_attacks_main_max1024.json
oct2017,OCT,resnet34,ResNet-34,seed42,PGD,8.0,0.0,1,results/oct2017/resnet34/robustness/seed42/robustness_attacks_main_max1024.json
oct2017,OCT,resnet34,ResNet-34,seed42,PGD,16.0,0.0,1,results/oct2017/resnet34/robustness/seed42/robustness_attacks_main_max1024.json
oct2017,OCT,resnet34,ResNet-34,seed43,FGSM,0.1,0.9077720207253887,2,results/oct2017/resnet34/robustness/seed43/robustness_attacks_fine_max1024.json;results/oct2017/resnet34/robustness/seed43/robustness_attacks_fine_max1024.json
oct2017,OCT,resnet34,ResNet-34,seed43,FGSM,0.15,0.8766839378238342,1,results/oct2017/resnet34/robustness/seed43/robustness_attacks_fine_max1024.json
oct2017,OCT,resnet34,ResNet-34,seed43,FGSM,0.2,0.8487046632124352,1,results/oct2017/resnet34/robustness/seed43/robustness_attacks_fine_max1024.json
oct2017,OCT,resnet34,ResNet-34,seed43,FGSM,0.25,0.8269430051813471,1,results/oct2017/resnet34/robustness/seed43/robustness_attacks_fine_max1024.json
oct2017,OCT,resnet34,ResNet-34,seed43,FGSM,0.5,0.7989637305699482,1,results/oct2017/resnet34/robustness/seed43/robustness_attacks_fine_max1024.json
oct2017,OCT,resnet34,ResNet-34,seed43,FGSM,1.0,0.7658031088082902,2,results/oct2017/resnet34/robustness/seed43/robustness_attacks_fine_max1024.json;results/oct2017/resnet34/robustness/seed43/robustness_attacks_main_max1024.json
oct2017,OCT,resnet34,ResNet-34,seed43,PGD,0.1,0.37305699481865284,2,results/oct2017/resnet34/robustness/seed43/robustness_attacks_fine_max1024.json;results/oct2017/resnet34/robustness/seed43/robustness_attacks_fine_max1024.json
oct2017,OCT,resnet34,ResNet-34,seed43,PGD,0.15,0.15129533678756477,1,results/oct2017/resnet34/robustness/seed43/robustness_attacks_fine_max1024.json
oct2017,OCT,resnet34,ResNet-34,seed43,PGD,0.2,0.061139896373056994,1,results/oct2017/resnet34/robustness/seed43/robustness_attacks_fine_max1024.json
oct2017,OCT,resnet34,ResNet-34,seed43,PGD,0.25,0.027979274611398965,1,results/oct2017/resnet34/robustness/seed43/robustness_attacks_fine_max1024.json
oct2017,OCT,resnet34,ResNet-34,seed43,PGD,0.5,0.0,1,results/oct2017/resnet34/robustness/seed43/robustness_attacks_fine_max1024.json
oct2017,OCT,resnet34,ResNet-34,seed43,PGD,1.0,0.0,2,results/oct2017/resnet34/robustness/seed43/robustness_attacks_fine_max1024.json;results/oct2017/resnet34/robustness/seed43/robustness_attacks_main_max1024.json
oct2017,OCT,resnet34,ResNet-34,seed43,FGSM,2.0,0.7264248704663212,1,results/oct2017/resnet34/robustness/seed43/robustness_attacks_main_max1024.json
oct2017,OCT,resnet34,ResNet-34,seed43,FGSM,4.0,0.7077720207253886,1,results/oct2017/resnet34/robustness/seed43/robustness_attacks_main_max1024.json
oct2017,OCT,resnet34,ResNet-34,seed43,FGSM,8.0,0.6642487046632124,1,results/oct2017/resnet34/robustness/seed43/robustness_attacks_main_max1024.json
oct2017,OCT,resnet34,ResNet-34,seed43,FGSM,16.0,0.30569948186528495,1,results/oct2017/resnet34/robustness/seed43/robustness_attacks_main_max1024.json
oct2017,OCT,resnet34,ResNet-34,seed43,PGD,2.0,0.0,1,results/oct2017/resnet34/robustness/seed43/robustness_attacks_main_max1024.json
oct2017,OCT,resnet34,ResNet-34,seed43,PGD,4.0,0.0,1,results/oct2017/resnet34/robustness/seed43/robustness_attacks_main_max1024.json
oct2017,OCT,resnet34,ResNet-34,seed43,PGD,8.0,0.0,1,results/oct2017/resnet34/robustness/seed43/robustness_attacks_main_max1024.json
oct2017,OCT,resnet34,ResNet-34,seed43,PGD,16.0,0.0,1,results/oct2017/resnet34/robustness/seed43/robustness_attacks_main_max1024.json
oct2017,OCT,resnet34,ResNet-34,seed44,FGSM,0.1,0.9044652128764278,2,results/oct2017/resnet34/robustness/seed44/robustness_attacks_fine_max1024.json;results/oct2017/resnet34/robustness/seed44/robustness_attacks_fine_max1024.json
oct2017,OCT,resnet34,ResNet-34,seed44,FGSM,0.15,0.8681204569055037,1,results/oct2017/resnet34/robustness/seed44/robustness_attacks_fine_max1024.json
oct2017,OCT,resnet34,ResNet-34,seed44,FGSM,0.2,0.8473520249221184,1,results/oct2017/resnet34/robustness/seed44/robustness_attacks_fine_max1024.json
oct2017,OCT,resnet34,ResNet-34,seed44,FGSM,0.25,0.8317757009345794,1,results/oct2017/resnet34/robustness/seed44/robustness_attacks_fine_max1024.json
oct2017,OCT,resnet34,ResNet-34,seed44,FGSM,0.5,0.7497403946002077,1,results/oct2017/resnet34/robustness/seed44/robustness_attacks_fine_max1024.json
oct2017,OCT,resnet34,ResNet-34,seed44,FGSM,1.0,0.7144340602284528,2,results/oct2017/resnet34/robustness/seed44/robustness_attacks_fine_max1024.json;results/oct2017/resnet34/robustness/seed44/robustness_attacks_main_max1024.json
oct2017,OCT,resnet34,ResNet-34,seed44,PGD,0.1,0.3333333333333333,2,results/oct2017/resnet34/robustness/seed44/robustness_attacks_fine_max1024.json;results/oct2017/resnet34/robustness/seed44/robustness_attacks_fine_max1024.json
oct2017,OCT,resnet34,ResNet-34,seed44,PGD,0.15,0.1360332294911734,1,results/oct2017/resnet34/robustness/seed44/robustness_attacks_fine_max1024.json
oct2017,OCT,resnet34,ResNet-34,seed44,PGD,0.2,0.06645898234683281,1,results/oct2017/resnet34/robustness/seed44/robustness_attacks_fine_max1024.json
oct2017,OCT,resnet34,ResNet-34,seed44,PGD,0.25,0.03946002076843198,1,results/oct2017/resnet34/robustness/seed44/robustness_attacks_fine_max1024.json
oct2017,OCT,resnet34,ResNet-34,seed44,PGD,0.5,0.003115264797507788,1,results/oct2017/resnet34/robustness/seed44/robustness_attacks_fine_max1024.json
oct2017,OCT,resnet34,ResNet-34,seed44,PGD,1.0,0.0,2,results/oct2017/resnet34/robustness/seed44/robustness_attacks_fine_max1024.json;results/oct2017/resnet34/robustness/seed44/robustness_attacks_main_max1024.json
oct2017,OCT,resnet34,ResNet-34,seed44,FGSM,2.0,0.6905503634475597,1,results/oct2017/resnet34/robustness/seed44/robustness_attacks_main_max1024.json
oct2017,OCT,resnet34,ResNet-34,seed44,FGSM,4.0,0.6656282450674974,1,results/oct2017/resnet34/robustness/seed44/robustness_attacks_main_max1024.json
oct2017,OCT,resnet34,ResNet-34,seed44,FGSM,8.0,0.5867082035306335,1,results/oct2017/resnet34/robustness/seed44/robustness_attacks_main_max1024.json
oct2017,OCT,resnet34,ResNet-34,seed44,FGSM,16.0,0.24714434060228452,1,results/oct2017/resnet34/robustness/seed44/robustness_attacks_main_max1024.json
oct2017,OCT,resnet34,ResNet-34,seed44,PGD,2.0,0.0,1,results/oct2017/resnet34/robustness/seed44/robustness_attacks_main_max1024.json
oct2017,OCT,resnet34,ResNet-34,seed44,PGD,4.0,0.0,1,results/oct2017/resnet34/robustness/seed44/robustness_attacks_main_max1024.json
oct2017,OCT,resnet34,ResNet-34,seed44,PGD,8.0,0.0,1,results/oct2017/resnet34/robustness/seed44/robustness_attacks_main_max1024.json
oct2017,OCT,resnet34,ResNet-34,seed44,PGD,16.0,0.0,1,results/oct2017/resnet34/robustness/seed44/robustness_attacks_main_max1024.json
oct2017,OCT,resnet50,ResNet-50,seed42,FGSM,0.1,0.9100310237849017,2,results/oct2017/resnet50/robustness/seed42/robustness_attacks_fine_max1024.json;results/oct2017/resnet50/robustness/seed42/robustness_attacks_fine_max1024.json
oct2017,OCT,resnet50,ResNet-50,seed42,FGSM,0.15,0.8862461220268872,1,results/oct2017/resnet50/robustness/seed42/robustness_attacks_fine_max1024.json
oct2017,OCT,resnet50,ResNet-50,seed42,FGSM,0.2,0.8728024819027922,1,results/oct2017/resnet50/robustness/seed42/robustness_attacks_fine_max1024.json
oct2017,OCT,resnet50,ResNet-50,seed42,FGSM,0.25,0.8634953464322648,1,results/oct2017/resnet50/robustness/seed42/robustness_attacks_fine_max1024.json
oct2017,OCT,resnet50,ResNet-50,seed42,FGSM,0.5,0.8541882109617374,1,results/oct2017/resnet50/robustness/seed42/robustness_attacks_fine_max1024.json
oct2017,OCT,resnet50,ResNet-50,seed42,FGSM,1.0,0.8304033092037229,2,results/oct2017/resnet50/robustness/seed42/robustness_attacks_fine_max1024.json;results/oct2017/resnet50/robustness/seed42/robustness_attacks_main_max1024.json
oct2017,OCT,resnet50,ResNet-50,seed42,PGD,0.1,0.32574974146845914,2,results/oct2017/resnet50/robustness/seed42/robustness_attacks_fine_max1024.json;results/oct2017/resnet50/robustness/seed42/robustness_attacks_fine_max1024.json
oct2017,OCT,resnet50,ResNet-50,seed42,PGD,0.15,0.13857290589451912,1,results/oct2017/resnet50/robustness/seed42/robustness_attacks_fine_max1024.json
oct2017,OCT,resnet50,ResNet-50,seed42,PGD,0.2,0.08066184074457083,1,results/oct2017/resnet50/robustness/seed42/robustness_attacks_fine_max1024.json
oct2017,OCT,resnet50,ResNet-50,seed42,PGD,0.25,0.04239917269906929,1,results/oct2017/resnet50/robustness/seed42/robustness_attacks_fine_max1024.json
oct2017,OCT,resnet50,ResNet-50,seed42,PGD,0.5,0.005170630816959669,1,results/oct2017/resnet50/robustness/seed42/robustness_attacks_fine_max1024.json
oct2017,OCT,resnet50,ResNet-50,seed42,PGD,1.0,0.0,2,results/oct2017/resnet50/robustness/seed42/robustness_attacks_fine_max1024.json;results/oct2017/resnet50/robustness/seed42/robustness_attacks_main_max1024.json
oct2017,OCT,resnet50,ResNet-50,seed42,FGSM,2.0,0.750775594622544,1,results/oct2017/resnet50/robustness/seed42/robustness_attacks_main_max1024.json
oct2017,OCT,resnet50,ResNet-50,seed42,FGSM,4.0,0.609100310237849,1,results/oct2017/resnet50/robustness/seed42/robustness_attacks_main_max1024.json
oct2017,OCT,resnet50,ResNet-50,seed42,FGSM,8.0,0.4591520165460186,1,results/oct2017/resnet50/robustness/seed42/robustness_attacks_main_max1024.json
oct2017,OCT,resnet50,ResNet-50,seed42,FGSM,16.0,0.28024819027921405,1,results/oct2017/resnet50/robustness/seed42/robustness_attacks_main_max1024.json
oct2017,OCT,resnet50,ResNet-50,seed42,PGD,2.0,0.0,1,results/oct2017/resnet50/robustness/seed42/robustness_attacks_main_max1024.json
oct2017,OCT,resnet50,ResNet-50,seed42,PGD,4.0,0.0,1,results/oct2017/resnet50/robustness/seed42/robustness_attacks_main_max1024.json
oct2017,OCT,resnet50,ResNet-50,seed42,PGD,8.0,0.0,1,results/oct2017/resnet50/robustness/seed42/robustness_attacks_main_max1024.json
oct2017,OCT,resnet50,ResNet-50,seed42,PGD,16.0,0.0,1,results/oct2017/resnet50/robustness/seed42/robustness_attacks_main_max1024.json
oct2017,OCT,resnet50,ResNet-50,seed43,FGSM,0.1,0.8917793964620188,2,results/oct2017/resnet50/robustness/seed43/robustness_attacks_fine_max1024.json;results/oct2017/resnet50/robustness/seed43/robustness_attacks_fine_max1024.json
oct2017,OCT,resnet50,ResNet-50,seed43,FGSM,0.15,0.8678459937565036,1,results/oct2017/resnet50/robustness/seed43/robustness_attacks_fine_max1024.json
oct2017,OCT,resnet50,ResNet-50,seed43,FGSM,0.2,0.8605619146722164,1,results/oct2017/resnet50/robustness/seed43/robustness_attacks_fine_max1024.json
oct2017,OCT,resnet50,ResNet-50,seed43,FGSM,0.25,0.8605619146722164,1,results/oct2017/resnet50/robustness/seed43/robustness_attacks_fine_max1024.json
oct2017,OCT,resnet50,ResNet-50,seed43,FGSM,0.5,0.8688865764828304,1,results/oct2017/resnet50/robustness/seed43/robustness_attacks_fine_max1024.json
oct2017,OCT,resnet50,ResNet-50,seed43,FGSM,1.0,0.8730489073881373,2,results/oct2017/resnet50/robustness/seed43/robustness_attacks_fine_max1024.json;results/oct2017/resnet50/robustness/seed43/robustness_attacks_main_max1024.json
oct2017,OCT,resnet50,ResNet-50,seed43,PGD,0.1,0.1331945889698231,2,results/oct2017/resnet50/robustness/seed43/robustness_attacks_fine_max1024.json;results/oct2017/resnet50/robustness/seed43/robustness_attacks_fine_max1024.json
oct2017,OCT,resnet50,ResNet-50,seed43,PGD,0.15,0.04266389177939646,1,results/oct2017/resnet50/robustness/seed43/robustness_attacks_fine_max1024.json
oct2017,OCT,resnet50,ResNet-50,seed43,PGD,0.2,0.013527575442247659,1,results/oct2017/resnet50/robustness/seed43/robustness_attacks_fine_max1024.json
oct2017,OCT,resnet50,ResNet-50,seed43,PGD,0.25,0.005202913631633715,1,results/oct2017/resnet50/robustness/seed43/robustness_attacks_fine_max1024.json
oct2017,OCT,resnet50,ResNet-50,seed43,PGD,0.5,0.0,1,results/oct2017/resnet50/robustness/seed43/robustness_attacks_fine_max1024.json
oct2017,OCT,resnet50,ResNet-50,seed43,PGD,1.0,0.0,2,results/oct2017/resnet50/robustness/seed43/robustness_attacks_fine_max1024.json;results/oct2017/resnet50/robustness/seed43/robustness_attacks_main_max1024.json
oct2017,OCT,resnet50,ResNet-50,seed43,FGSM,2.0,0.8761706555671176,1,results/oct2017/resnet50/robustness/seed43/robustness_attacks_main_max1024.json
oct2017,OCT,resnet50,ResNet-50,seed43,FGSM,4.0,0.8574401664932362,1,results/oct2017/resnet50/robustness/seed43/robustness_attacks_main_max1024.json
oct2017,OCT,resnet50,ResNet-50,seed43,FGSM,8.0,0.2497398543184183,1,results/oct2017/resnet50/robustness/seed43/robustness_attacks_main_max1024.json
oct2017,OCT,resnet50,ResNet-50,seed43,FGSM,16.0,0.2497398543184183,1,results/oct2017/resnet50/robustness/seed43/robustness_attacks_main_max1024.json
oct2017,OCT,resnet50,ResNet-50,seed43,PGD,2.0,0.0,1,results/oct2017/resnet50/robustness/seed43/robustness_attacks_main_max1024.json
oct2017,OCT,resnet50,ResNet-50,seed43,PGD,4.0,0.0,1,results/oct2017/resnet50/robustness/seed43/robustness_attacks_main_max1024.json
oct2017,OCT,resnet50,ResNet-50,seed43,PGD,8.0,0.0,1,results/oct2017/resnet50/robustness/seed43/robustness_attacks_main_max1024.json
oct2017,OCT,resnet50,ResNet-50,seed43,PGD,16.0,0.0,1,results/oct2017/resnet50/robustness/seed43/robustness_attacks_main_max1024.json
oct2017,OCT,resnet50,ResNet-50,seed44,FGSM,0.1,0.8860103626943006,2,results/oct2017/resnet50/robustness/seed44/robustness_attacks_fine_max1024.json;results/oct2017/resnet50/robustness/seed44/robustness_attacks_fine_max1024.json
oct2017,OCT,resnet50,ResNet-50,seed44,FGSM,0.15,0.8580310880829015,1,results/oct2017/resnet50/robustness/seed44/robustness_attacks_fine_max1024.json
oct2017,OCT,resnet50,ResNet-50,seed44,FGSM,0.2,0.8487046632124352,1,results/oct2017/resnet50/robustness/seed44/robustness_attacks_fine_max1024.json
oct2017,OCT,resnet50,ResNet-50,seed44,FGSM,0.25,0.8404145077720208,1,results/oct2017/resnet50/robustness/seed44/robustness_attacks_fine_max1024.json
oct2017,OCT,resnet50,ResNet-50,seed44,FGSM,0.5,0.8321243523316062,1,results/oct2017/resnet50/robustness/seed44/robustness_attacks_fine_max1024.json
oct2017,OCT,resnet50,ResNet-50,seed44,FGSM,1.0,0.8435233160621761,2,results/oct2017/resnet50/robustness/seed44/robustness_attacks_fine_max1024.json;results/oct2017/resnet50/robustness/seed44/robustness_attacks_main_max1024.json
oct2017,OCT,resnet50,ResNet-50,seed44,PGD,0.1,0.10984455958549223,2,results/oct2017/resnet50/robustness/seed44/robustness_attacks_fine_max1024.json;results/oct2017/resnet50/robustness/seed44/robustness_attacks_fine_max1024.json
oct2017,OCT,resnet50,ResNet-50,seed44,PGD,0.15,0.03626943005181347,1,results/oct2017/resnet50/robustness/seed44/robustness_attacks_fine_max1024.json
oct2017,OCT,resnet50,ResNet-50,seed44,PGD,0.2,0.01865284974093264,1,results/oct2017/resnet50/robustness/seed44/robustness_attacks_fine_max1024.json
oct2017,OCT,resnet50,ResNet-50,seed44,PGD,0.25,0.008290155440414507,1,results/oct2017/resnet50/robustness/seed44/robustness_attacks_fine_max1024.json
oct2017,OCT,resnet50,ResNet-50,seed44,PGD,0.5,0.0010362694300518134,1,results/oct2017/resnet50/robustness/seed44/robustness_attacks_fine_max1024.json
oct2017,OCT,resnet50,ResNet-50,seed44,PGD,1.0,0.0,2,results/oct2017/resnet50/robustness/seed44/robustness_attacks_fine_max1024.json;results/oct2017/resnet50/robustness/seed44/robustness_attacks_main_max1024.json
oct2017,OCT,resnet50,ResNet-50,seed44,FGSM,2.0,0.8528497409326425,1,results/oct2017/resnet50/robustness/seed44/robustness_attacks_main_max1024.json
oct2017,OCT,resnet50,ResNet-50,seed44,FGSM,4.0,0.8072538860103627,1,results/oct2017/resnet50/robustness/seed44/robustness_attacks_main_max1024.json
oct2017,OCT,resnet50,ResNet-50,seed44,FGSM,8.0,0.5917098445595855,1,results/oct2017/resnet50/robustness/seed44/robustness_attacks_main_max1024.json
oct2017,OCT,resnet50,ResNet-50,seed44,FGSM,16.0,0.24974093264248703,1,results/oct2017/resnet50/robustness/seed44/robustness_attacks_main_max1024.json
oct2017,OCT,resnet50,ResNet-50,seed44,PGD,2.0,0.0,1,results/oct2017/resnet50/robustness/seed44/robustness_attacks_main_max1024.json
oct2017,OCT,resnet50,ResNet-50,seed44,PGD,4.0,0.0,1,results/oct2017/resnet50/robustness/seed44/robustness_attacks_main_max1024.json
oct2017,OCT,resnet50,ResNet-50,seed44,PGD,8.0,0.0,1,results/oct2017/resnet50/robustness/seed44/robustness_attacks_main_max1024.json
oct2017,OCT,resnet50,ResNet-50,seed44,PGD,16.0,0.0,1,results/oct2017/resnet50/robustness/seed44/robustness_attacks_main_max1024.json
oct2017,OCT,resnet101,ResNet-101,seed42,FGSM,0.1,0.9127725856697819,2,results/oct2017/resnet101/robustness/seed42/robustness_attacks_fine_max1024.json;results/oct2017/resnet101/robustness/seed42/robustness_attacks_fine_max1024.json
oct2017,OCT,resnet101,ResNet-101,seed42,FGSM,0.15,0.8961578400830738,1,results/oct2017/resnet101/robustness/seed42/robustness_attacks_fine_max1024.json
oct2017,OCT,resnet101,ResNet-101,seed42,FGSM,0.2,0.8836967808930426,1,results/oct2017/resnet101/robustness/seed42/robustness_attacks_fine_max1024.json
oct2017,OCT,resnet101,ResNet-101,seed42,FGSM,0.25,0.8785046728971962,1,results/oct2017/resnet101/robustness/seed42/robustness_attacks_fine_max1024.json
oct2017,OCT,resnet101,ResNet-101,seed42,FGSM,0.5,0.8733125649013499,1,results/oct2017/resnet101/robustness/seed42/robustness_attacks_fine_max1024.json
oct2017,OCT,resnet101,ResNet-101,seed42,FGSM,1.0,0.8795430944963655,2,results/oct2017/resnet101/robustness/seed42/robustness_attacks_fine_max1024.json;results/oct2017/resnet101/robustness/seed42/robustness_attacks_main_max1024.json
oct2017,OCT,resnet101,ResNet-101,seed42,PGD,0.1,0.26895119418483904,2,results/oct2017/resnet101/robustness/seed42/robustness_attacks_fine_max1024.json;results/oct2017/resnet101/robustness/seed42/robustness_attacks_fine_max1024.json
oct2017,OCT,resnet101,ResNet-101,seed42,PGD,0.15,0.1536863966770509,1,results/oct2017/resnet101/robustness/seed42/robustness_attacks_fine_max1024.json
oct2017,OCT,resnet101,ResNet-101,seed42,PGD,0.2,0.102803738317757,1,results/oct2017/resnet101/robustness/seed42/robustness_attacks_fine_max1024.json
oct2017,OCT,resnet101,ResNet-101,seed42,PGD,0.25,0.07684319833852545,1,results/oct2017/resnet101/robustness/seed42/robustness_attacks_fine_max1024.json
oct2017,OCT,resnet101,ResNet-101,seed42,PGD,0.5,0.029075804776739357,1,results/oct2017/resnet101/robustness/seed42/robustness_attacks_fine_max1024.json
oct2017,OCT,resnet101,ResNet-101,seed42,PGD,1.0,0.013499480789200415,2,results/oct2017/resnet101/robustness/seed42/robustness_attacks_fine_max1024.json;results/oct2017/resnet101/robustness/seed42/robustness_attacks_main_max1024.json
oct2017,OCT,resnet101,ResNet-101,seed42,FGSM,2.0,0.8868120456905504,1,results/oct2017/resnet101/robustness/seed42/robustness_attacks_main_max1024.json
oct2017,OCT,resnet101,ResNet-101,seed42,FGSM,4.0,0.8525441329179647,1,results/oct2017/resnet101/robustness/seed42/robustness_attacks_main_max1024.json
oct2017,OCT,resnet101,ResNet-101,seed42,FGSM,8.0,0.3707165109034268,1,results/oct2017/resnet101/robustness/seed42/robustness_attacks_main_max1024.json
oct2017,OCT,resnet101,ResNet-101,seed42,FGSM,16.0,0.2554517133956386,1,results/oct2017/resnet101/robustness/seed42/robustness_attacks_main_max1024.json
oct2017,OCT,resnet101,ResNet-101,seed42,PGD,2.0,0.008307372793354102,1,results/oct2017/resnet101/robustness/seed42/robustness_attacks_main_max1024.json
oct2017,OCT,resnet101,ResNet-101,seed42,PGD,4.0,0.0020768431983385254,1,results/oct2017/resnet101/robustness/seed42/robustness_attacks_main_max1024.json
oct2017,OCT,resnet101,ResNet-101,seed42,PGD,8.0,0.004153686396677051,1,results/oct2017/resnet101/robustness/seed42/robustness_attacks_main_max1024.json
oct2017,OCT,resnet101,ResNet-101,seed42,PGD,16.0,0.0020768431983385254,1,results/oct2017/resnet101/robustness/seed42/robustness_attacks_main_max1024.json
oct2017,OCT,resnet101,ResNet-101,seed43,FGSM,0.1,0.8830227743271222,2,results/oct2017/resnet101/robustness/seed43/robustness_attacks_fine_max1024.json;results/oct2017/resnet101/robustness/seed43/robustness_attacks_fine_max1024.json
oct2017,OCT,resnet101,ResNet-101,seed43,FGSM,0.15,0.8623188405797102,1,results/oct2017/resnet101/robustness/seed43/robustness_attacks_fine_max1024.json
oct2017,OCT,resnet101,ResNet-101,seed43,FGSM,0.2,0.8571428571428571,1,results/oct2017/resnet101/robustness/seed43/robustness_attacks_fine_max1024.json
oct2017,OCT,resnet101,ResNet-101,seed43,FGSM,0.25,0.8467908902691511,1,results/oct2017/resnet101/robustness/seed43/robustness_attacks_fine_max1024.json
oct2017,OCT,resnet101,ResNet-101,seed43,FGSM,0.5,0.855072463768116,1,results/oct2017/resnet101/robustness/seed43/robustness_attacks_fine_max1024.json
oct2017,OCT,resnet101,ResNet-101,seed43,FGSM,1.0,0.901656314699793,2,results/oct2017/resnet101/robustness/seed43/robustness_attacks_fine_max1024.json;results/oct2017/resnet101/robustness/seed43/robustness_attacks_main_max1024.json
oct2017,OCT,resnet101,ResNet-101,seed43,PGD,0.1,0.08488612836438923,2,results/oct2017/resnet101/robustness/seed43/robustness_attacks_fine_max1024.json;results/oct2017/resnet101/robustness/seed43/robustness_attacks_fine_max1024.json
oct2017,OCT,resnet101,ResNet-101,seed43,PGD,0.15,0.022774327122153208,1,results/oct2017/resnet101/robustness/seed43/robustness_attacks_fine_max1024.json
oct2017,OCT,resnet101,ResNet-101,seed43,PGD,0.2,0.012422360248447204,1,results/oct2017/resnet101/robustness/seed43/robustness_attacks_fine_max1024.json
oct2017,OCT,resnet101,ResNet-101,seed43,PGD,0.25,0.004140786749482402,1,results/oct2017/resnet101/robustness/seed43/robustness_attacks_fine_max1024.json
oct2017,OCT,resnet101,ResNet-101,seed43,PGD,0.5,0.0010351966873706005,1,results/oct2017/resnet101/robustness/seed43/robustness_attacks_fine_max1024.json
oct2017,OCT,resnet101,ResNet-101,seed43,PGD,1.0,0.0,2,results/oct2017/resnet101/robustness/seed43/robustness_attacks_fine_max1024.json;results/oct2017/resnet101/robustness/seed43/robustness_attacks_main_max1024.json
oct2017,OCT,resnet101,ResNet-101,seed43,FGSM,2.0,0.906832298136646,1,results/oct2017/resnet101/robustness/seed43/robustness_attacks_main_max1024.json
oct2017,OCT,resnet101,ResNet-101,seed43,FGSM,4.0,0.8188405797101449,1,results/oct2017/resnet101/robustness/seed43/robustness_attacks_main_max1024.json
oct2017,OCT,resnet101,ResNet-101,seed43,FGSM,8.0,0.39233954451345754,1,results/oct2017/resnet101/robustness/seed43/robustness_attacks_main_max1024.json
oct2017,OCT,resnet101,ResNet-101,seed43,FGSM,16.0,0.2650103519668737,1,results/oct2017/resnet101/robustness/seed43/robustness_attacks_main_max1024.json
oct2017,OCT,resnet101,ResNet-101,seed43,PGD,2.0,0.0,1,results/oct2017/resnet101/robustness/seed43/robustness_attacks_main_max1024.json
oct2017,OCT,resnet101,ResNet-101,seed43,PGD,4.0,0.0,1,results/oct2017/resnet101/robustness/seed43/robustness_attacks_main_max1024.json
oct2017,OCT,resnet101,ResNet-101,seed43,PGD,8.0,0.0,1,results/oct2017/resnet101/robustness/seed43/robustness_attacks_main_max1024.json
oct2017,OCT,resnet101,ResNet-101,seed43,PGD,16.0,0.0,1,results/oct2017/resnet101/robustness/seed43/robustness_attacks_main_max1024.json
oct2017,OCT,resnet101,ResNet-101,seed44,FGSM,0.1,0.8373056994818653,2,results/oct2017/resnet101/robustness/seed44/robustness_attacks_fine_max1024.json;results/oct2017/resnet101/robustness/seed44/robustness_attacks_fine_max1024.json
oct2017,OCT,resnet101,ResNet-101,seed44,FGSM,0.15,0.8093264248704664,1,results/oct2017/resnet101/robustness/seed44/robustness_attacks_fine_max1024.json
oct2017,OCT,resnet101,ResNet-101,seed44,FGSM,0.2,0.8010362694300518,1,results/oct2017/resnet101/robustness/seed44/robustness_attacks_fine_max1024.json
oct2017,OCT,resnet101,ResNet-101,seed44,FGSM,0.25,0.7979274611398963,1,results/oct2017/resnet101/robustness/seed44/robustness_attacks_fine_max1024.json
oct2017,OCT,resnet101,ResNet-101,seed44,FGSM,0.5,0.8093264248704664,1,results/oct2017/resnet101/robustness/seed44/robustness_attacks_fine_max1024.json
oct2017,OCT,resnet101,ResNet-101,seed44,FGSM,1.0,0.8404145077720208,2,results/oct2017/resnet101/robustness/seed44/robustness_attacks_fine_max1024.json;results/oct2017/resnet101/robustness/seed44/robustness_attacks_main_max1024.json
oct2017,OCT,resnet101,ResNet-101,seed44,PGD,0.1,0.16683937823834197,2,results/oct2017/resnet101/robustness/seed44/robustness_attacks_fine_max1024.json;results/oct2017/resnet101/robustness/seed44/robustness_attacks_fine_max1024.json
oct2017,OCT,resnet101,ResNet-101,seed44,PGD,0.15,0.0694300518134715,1,results/oct2017/resnet101/robustness/seed44/robustness_attacks_fine_max1024.json
oct2017,OCT,resnet101,ResNet-101,seed44,PGD,0.2,0.03730569948186528,1,results/oct2017/resnet101/robustness/seed44/robustness_attacks_fine_max1024.json
oct2017,OCT,resnet101,ResNet-101,seed44,PGD,0.25,0.029015544041450778,1,results/oct2017/resnet101/robustness/seed44/robustness_attacks_fine_max1024.json
oct2017,OCT,resnet101,ResNet-101,seed44,PGD,0.5,0.011398963730569948,1,results/oct2017/resnet101/robustness/seed44/robustness_attacks_fine_max1024.json
oct2017,OCT,resnet101,ResNet-101,seed44,PGD,1.0,0.0051813471502590676,2,results/oct2017/resnet101/robustness/seed44/robustness_attacks_fine_max1024.json;results/oct2017/resnet101/robustness/seed44/robustness_attacks_main_max1024.json
oct2017,OCT,resnet101,ResNet-101,seed44,FGSM,2.0,0.8797927461139896,1,results/oct2017/resnet101/robustness/seed44/robustness_attacks_main_max1024.json
oct2017,OCT,resnet101,ResNet-101,seed44,FGSM,4.0,0.7927461139896373,1,results/oct2017/resnet101/robustness/seed44/robustness_attacks_main_max1024.json
oct2017,OCT,resnet101,ResNet-101,seed44,FGSM,8.0,0.2528497409326425,1,results/oct2017/resnet101/robustness/seed44/robustness_attacks_main_max1024.json
oct2017,OCT,resnet101,ResNet-101,seed44,FGSM,16.0,0.25077720207253884,1,results/oct2017/resnet101/robustness/seed44/robustness_attacks_main_max1024.json
oct2017,OCT,resnet101,ResNet-101,seed44,PGD,2.0,0.0010362694300518134,1,results/oct2017/resnet101/robustness/seed44/robustness_attacks_main_max1024.json
oct2017,OCT,resnet101,ResNet-101,seed44,PGD,4.0,0.0010362694300518134,1,results/oct2017/resnet101/robustness/seed44/robustness_attacks_main_max1024.json
oct2017,OCT,resnet101,ResNet-101,seed44,PGD,8.0,0.0,1,results/oct2017/resnet101/robustness/seed44/robustness_attacks_main_max1024.json
oct2017,OCT,resnet101,ResNet-101,seed44,PGD,16.0,0.0,1,results/oct2017/resnet101/robustness/seed44/robustness_attacks_main_max1024.json
oct2017,OCT,resnet152,ResNet-152,seed42,FGSM,0.1,0.9409937888198758,2,results/oct2017/resnet152/robustness/seed42/robustness_attacks_fine_max1024.json;results/oct2017/resnet152/robustness/seed42/robustness_attacks_fine_max1024.json
oct2017,OCT,resnet152,ResNet-152,seed42,FGSM,0.15,0.9151138716356108,1,results/oct2017/resnet152/robustness/seed42/robustness_attacks_fine_max1024.json
oct2017,OCT,resnet152,ResNet-152,seed42,FGSM,0.2,0.8985507246376812,1,results/oct2017/resnet152/robustness/seed42/robustness_attacks_fine_max1024.json
oct2017,OCT,resnet152,ResNet-152,seed42,FGSM,0.25,0.8819875776397516,1,results/oct2017/resnet152/robustness/seed42/robustness_attacks_fine_max1024.json
oct2017,OCT,resnet152,ResNet-152,seed42,FGSM,0.5,0.84472049689441,1,results/oct2017/resnet152/robustness/seed42/robustness_attacks_fine_max1024.json
oct2017,OCT,resnet152,ResNet-152,seed42,FGSM,1.0,0.8374741200828157,2,results/oct2017/resnet152/robustness/seed42/robustness_attacks_fine_max1024.json;results/oct2017/resnet152/robustness/seed42/robustness_attacks_main_max1024.json
oct2017,OCT,resnet152,ResNet-152,seed42,PGD,0.1,0.6004140786749482,2,results/oct2017/resnet152/robustness/seed42/robustness_attacks_fine_max1024.json;results/oct2017/resnet152/robustness/seed42/robustness_attacks_fine_max1024.json
oct2017,OCT,resnet152,ResNet-152,seed42,PGD,0.15,0.36542443064182195,1,results/oct2017/resnet152/robustness/seed42/robustness_attacks_fine_max1024.json
oct2017,OCT,resnet152,ResNet-152,seed42,PGD,0.2,0.21428571428571427,1,results/oct2017/resnet152/robustness/seed42/robustness_attacks_fine_max1024.json
oct2017,OCT,resnet152,ResNet-152,seed42,PGD,0.25,0.11387163561076605,1,results/oct2017/resnet152/robustness/seed42/robustness_attacks_fine_max1024.json
oct2017,OCT,resnet152,ResNet-152,seed42,PGD,0.5,0.011387163561076604,1,results/oct2017/resnet152/robustness/seed42/robustness_attacks_fine_max1024.json
oct2017,OCT,resnet152,ResNet-152,seed42,PGD,1.0,0.0,2,results/oct2017/resnet152/robustness/seed42/robustness_attacks_fine_max1024.json;results/oct2017/resnet152/robustness/seed42/robustness_attacks_main_max1024.json
oct2017,OCT,resnet152,ResNet-152,seed42,FGSM,2.0,0.8302277432712215,1,results/oct2017/resnet152/robustness/seed42/robustness_attacks_main_max1024.json
oct2017,OCT,resnet152,ResNet-152,seed42,FGSM,4.0,0.8033126293995859,1,results/oct2017/resnet152/robustness/seed42/robustness_attacks_main_max1024.json
oct2017,OCT,resnet152,ResNet-152,seed42,FGSM,8.0,0.7329192546583851,1,results/oct2017/resnet152/robustness/seed42/robustness_attacks_main_max1024.json
oct2017,OCT,resnet152,ResNet-152,seed42,FGSM,16.0,0.5507246376811594,1,results/oct2017/resnet152/robustness/seed42/robustness_attacks_main_max1024.json
oct2017,OCT,resnet152,ResNet-152,seed42,PGD,2.0,0.0,1,results/oct2017/resnet152/robustness/seed42/robustness_attacks_main_max1024.json
oct2017,OCT,resnet152,ResNet-152,seed42,PGD,4.0,0.0,1,results/oct2017/resnet152/robustness/seed42/robustness_attacks_main_max1024.json
oct2017,OCT,resnet152,ResNet-152,seed42,PGD,8.0,0.0,1,results/oct2017/resnet152/robustness/seed42/robustness_attacks_main_max1024.json
oct2017,OCT,resnet152,ResNet-152,seed42,PGD,16.0,0.0,1,results/oct2017/resnet152/robustness/seed42/robustness_attacks_main_max1024.json
oct2017,OCT,resnet152,ResNet-152,seed43,FGSM,0.1,0.938860103626943,2,results/oct2017/resnet152/robustness/seed43/robustness_attacks_fine_max1024.json;results/oct2017/resnet152/robustness/seed43/robustness_attacks_fine_max1024.json
oct2017,OCT,resnet152,ResNet-152,seed43,FGSM,0.15,0.9243523316062177,1,results/oct2017/resnet152/robustness/seed43/robustness_attacks_fine_max1024.json
oct2017,OCT,resnet152,ResNet-152,seed43,FGSM,0.2,0.9036269430051813,1,results/oct2017/resnet152/robustness/seed43/robustness_attacks_fine_max1024.json
oct2017,OCT,resnet152,ResNet-152,seed43,FGSM,0.25,0.8901554404145078,1,results/oct2017/resnet152/robustness/seed43/robustness_attacks_fine_max1024.json
oct2017,OCT,resnet152,ResNet-152,seed43,FGSM,0.5,0.8559585492227979,1,results/oct2017/resnet152/robustness/seed43/robustness_attacks_fine_max1024.json
oct2017,OCT,resnet152,ResNet-152,seed43,FGSM,1.0,0.8207253886010363,2,results/oct2017/resnet152/robustness/seed43/robustness_attacks_fine_max1024.json;results/oct2017/resnet152/robustness/seed43/robustness_attacks_main_max1024.json
oct2017,OCT,resnet152,ResNet-152,seed43,PGD,0.1,0.5523316062176166,2,results/oct2017/resnet152/robustness/seed43/robustness_attacks_fine_max1024.json;results/oct2017/resnet152/robustness/seed43/robustness_attacks_fine_max1024.json
oct2017,OCT,resnet152,ResNet-152,seed43,PGD,0.15,0.28186528497409324,1,results/oct2017/resnet152/robustness/seed43/robustness_attacks_fine_max1024.json
oct2017,OCT,resnet152,ResNet-152,seed43,PGD,0.2,0.13989637305699482,1,results/oct2017/resnet152/robustness/seed43/robustness_attacks_fine_max1024.json
oct2017,OCT,resnet152,ResNet-152,seed43,PGD,0.25,0.05181347150259067,1,results/oct2017/resnet152/robustness/seed43/robustness_attacks_fine_max1024.json
oct2017,OCT,resnet152,ResNet-152,seed43,PGD,0.5,0.0031088082901554403,1,results/oct2017/resnet152/robustness/seed43/robustness_attacks_fine_max1024.json
oct2017,OCT,resnet152,ResNet-152,seed43,PGD,1.0,0.0,2,results/oct2017/resnet152/robustness/seed43/robustness_attacks_fine_max1024.json;results/oct2017/resnet152/robustness/seed43/robustness_attacks_main_max1024.json
oct2017,OCT,resnet152,ResNet-152,seed43,FGSM,2.0,0.816580310880829,1,results/oct2017/resnet152/robustness/seed43/robustness_attacks_main_max1024.json
oct2017,OCT,resnet152,ResNet-152,seed43,FGSM,4.0,0.8217616580310881,1,results/oct2017/resnet152/robustness/seed43/robustness_attacks_main_max1024.json
oct2017,OCT,resnet152,ResNet-152,seed43,FGSM,8.0,0.7233160621761658,1,results/oct2017/resnet152/robustness/seed43/robustness_attacks_main_max1024.json
oct2017,OCT,resnet152,ResNet-152,seed43,FGSM,16.0,0.2756476683937824,1,results/oct2017/resnet152/robustness/seed43/robustness_attacks_main_max1024.json
oct2017,OCT,resnet152,ResNet-152,seed43,PGD,2.0,0.0,1,results/oct2017/resnet152/robustness/seed43/robustness_attacks_main_max1024.json
oct2017,OCT,resnet152,ResNet-152,seed43,PGD,4.0,0.0,1,results/oct2017/resnet152/robustness/seed43/robustness_attacks_main_max1024.json
oct2017,OCT,resnet152,ResNet-152,seed43,PGD,8.0,0.0,1,results/oct2017/resnet152/robustness/seed43/robustness_attacks_main_max1024.json
oct2017,OCT,resnet152,ResNet-152,seed43,PGD,16.0,0.0,1,results/oct2017/resnet152/robustness/seed43/robustness_attacks_main_max1024.json
oct2017,OCT,resnet152,ResNet-152,seed44,FGSM,0.1,0.9461139896373058,2,results/oct2017/resnet152/robustness/seed44/robustness_attacks_fine_max1024.json;results/oct2017/resnet152/robustness/seed44/robustness_attacks_fine_max1024.json
oct2017,OCT,resnet152,ResNet-152,seed44,FGSM,0.15,0.9139896373056995,1,results/oct2017/resnet152/robustness/seed44/robustness_attacks_fine_max1024.json
oct2017,OCT,resnet152,ResNet-152,seed44,FGSM,0.2,0.8797927461139896,1,results/oct2017/resnet152/robustness/seed44/robustness_attacks_fine_max1024.json
oct2017,OCT,resnet152,ResNet-152,seed44,FGSM,0.25,0.8632124352331606,1,results/oct2017/resnet152/robustness/seed44/robustness_attacks_fine_max1024.json
oct2017,OCT,resnet152,ResNet-152,seed44,FGSM,0.5,0.8072538860103627,1,results/oct2017/resnet152/robustness/seed44/robustness_attacks_fine_max1024.json
oct2017,OCT,resnet152,ResNet-152,seed44,FGSM,1.0,0.7658031088082902,2,results/oct2017/resnet152/robustness/seed44/robustness_attacks_fine_max1024.json;results/oct2017/resnet152/robustness/seed44/robustness_attacks_main_max1024.json
oct2017,OCT,resnet152,ResNet-152,seed44,PGD,0.1,0.6746113989637306,2,results/oct2017/resnet152/robustness/seed44/robustness_attacks_fine_max1024.json;results/oct2017/resnet152/robustness/seed44/robustness_attacks_fine_max1024.json
oct2017,OCT,resnet152,ResNet-152,seed44,PGD,0.15,0.40518134715025905,1,results/oct2017/resnet152/robustness/seed44/robustness_attacks_fine_max1024.json
oct2017,OCT,resnet152,ResNet-152,seed44,PGD,0.2,0.23005181347150258,1,results/oct2017/resnet152/robustness/seed44/robustness_attacks_fine_max1024.json
oct2017,OCT,resnet152,ResNet-152,seed44,PGD,0.25,0.12435233160621761,1,results/oct2017/resnet152/robustness/seed44/robustness_attacks_fine_max1024.json
oct2017,OCT,resnet152,ResNet-152,seed44,PGD,0.5,0.007253886010362694,1,results/oct2017/resnet152/robustness/seed44/robustness_attacks_fine_max1024.json
oct2017,OCT,resnet152,ResNet-152,seed44,PGD,1.0,0.0,2,results/oct2017/resnet152/robustness/seed44/robustness_attacks_fine_max1024.json;results/oct2017/resnet152/robustness/seed44/robustness_attacks_main_max1024.json
oct2017,OCT,resnet152,ResNet-152,seed44,FGSM,2.0,0.7284974093264248,1,results/oct2017/resnet152/robustness/seed44/robustness_attacks_main_max1024.json
oct2017,OCT,resnet152,ResNet-152,seed44,FGSM,4.0,0.7284974093264248,1,results/oct2017/resnet152/robustness/seed44/robustness_attacks_main_max1024.json
oct2017,OCT,resnet152,ResNet-152,seed44,FGSM,8.0,0.6756476683937824,1,results/oct2017/resnet152/robustness/seed44/robustness_attacks_main_max1024.json
oct2017,OCT,resnet152,ResNet-152,seed44,FGSM,16.0,0.43316062176165804,1,results/oct2017/resnet152/robustness/seed44/robustness_attacks_main_max1024.json
oct2017,OCT,resnet152,ResNet-152,seed44,PGD,2.0,0.0,1,results/oct2017/resnet152/robustness/seed44/robustness_attacks_main_max1024.json
oct2017,OCT,resnet152,ResNet-152,seed44,PGD,4.0,0.0,1,results/oct2017/resnet152/robustness/seed44/robustness_attacks_main_max1024.json
oct2017,OCT,resnet152,ResNet-152,seed44,PGD,8.0,0.0,1,results/oct2017/resnet152/robustness/seed44/robustness_attacks_main_max1024.json
oct2017,OCT,resnet152,ResNet-152,seed44,PGD,16.0,0.0,1,results/oct2017/resnet152/robustness/seed44/robustness_attacks_main_max1024.json
